joint_pos_mes.0,joint_pos_mes.1,joint_pos_mes.2,joint_pos_mes.3,joint_pos_mes.4,joint_pos_mes.5,joint_pos_mes.6,task.translation.x,task.translation.y,task.translation.z,task.rotation.w,task.rotation.x,task.rotation.y,task.rotation.z 
0.9247555243209851,-1.4037954935735728,-1.3087370411441681,1.4290870018411082,1.0186702382969313,-0.6957396827701439,0.21885537589442977,-0.7488515378946434,0.03546816201067188,0.01739489037703837,0.15800048206236975,-0.6238416284107096,0.7468350380583046,0.16761532226614487 
0.9214492563618112,-1.433193036932162,-1.373937636096315,1.4805394738870967,1.2389050105128991,-0.7526207689984211,0.031051186647068452,-0.7424320262548704,0.039338032034302084,0.013629885278593518,0.13994940798610453,-0.6381740577916482,0.7432838048835323,0.14379575989555549 
0.9020394259702712,-1.4454570336169363,-1.4346533147564806,1.5201659126805789,1.4427428702863807,-0.815345303301675,-0.1355715442265064,-0.7492598931131252,0.039505436304214714,0.023329383498059797,0.10381633656072072,-0.6526770702190093,0.7398858694888291,0.12571280922881764 
0.8892839562400247,-1.4451721087256313,-1.4480041608004781,1.5134186742140574,1.4489441794058224,-0.8358125019324614,-0.1459601295430583,-0.7504372389984981,0.04439800565347457,0.02769793792761184,0.1044265590949535,-0.6532076503694876,0.739840957937978,0.12267932267410205 
0.844691374500795,-1.4855901654905495,-1.4494762430501096,1.3127886078908426,1.1825167395537386,-0.9185751995569396,0.1588202215081525,-0.7575201188478732,0.04202928346613821,0.018080105368969673,0.1674536937149205,-0.622466065069768,0.7549069959525411,0.12087466963635973 
0.8106265147443386,-1.4898660770774415,-1.4590943025901526,1.2652100965778486,1.184032120804118,-0.9661326186750063,0.16632516259900226,-0.7603052776058687,0.04315842800969877,0.01572360081776128,0.17343973437568977,-0.622633514043036,0.7556175569172295,0.10624628656356915 
0.8334219486724481,-1.478683836444801,-1.471935099940366,1.3078627918682932,1.200742061189542,-0.9624529223598203,0.13576383107718945,-0.7537842225817655,0.04371524611909278,0.0254118757675674,0.16942471044508672,-0.6239811549249327,0.7550188289977097,0.10903831275323694 
0.37973083211621617,-1.4055390784780628,-1.414390207510773,0.8896506735868966,1.3897744178839302,-1.4379147017921057,0.00776889366953049,-0.7545846577927088,0.04924131128059284,0.018519685122518253,0.13216968730161074,-0.665742851457254,0.7225367512034495,-0.13137074504060461 
0.35927789467983084,-1.4075960508851333,-1.4027423199059343,0.9024133337464121,1.4487461040834086,-1.433063487468605,-0.03326683009984693,-0.7608820777713511,0.04631888555608535,0.013775376365162545,0.1055039573451576,-0.6735643444100482,0.7175940746493652,-0.1422629008283409 
0.35829836408914945,-1.405446021013005,-1.4012502239657703,0.9269748229295496,1.458145188005062,-1.431515664910754,-0.058609091560282496,-0.7571104775106322,0.0521485053714035,0.012729040231544336,0.10160810265631304,-0.6741955083192498,0.7172341789853287,-0.14391435832457403 
0.3585485347844749,-1.4050513804706797,-1.3943663653796428,0.9280674247849044,1.4558545711199207,-1.3993745130554152,-0.05865505109730911,-0.7661103143519523,0.05664637605734657,0.011758884719454049,0.09696385230370004,-0.6739779540526395,0.7204149622129116,-0.131734623456454 
0.40346522994720296,-1.3925612414747244,-1.384706600760791,1.0103426041709123,1.4570967120001883,-1.319699011625896,-0.09549090323922999,-0.7729175824571757,0.062529064613259,0.012123263857034244,0.08551714220958805,-0.6733141622892721,0.7271937848883242,-0.10258682405062834 
0.401058917454875,-1.3880764449559628,-1.381478709647838,1.0281383392349093,1.4607621591201119,-1.321379259840828,-0.11507552355570178,-0.7685015195995191,0.0675306328821432,0.012004179350453281,0.08380263942818866,-0.6735355979515188,0.7268644308365986,-0.10485711755310968 
0.4326478962222682,-1.3777945792146042,-1.3771838630929742,1.0857346439373614,1.4617989384519374,-1.30392387674369,-0.14138101706776515,-0.7603663271613696,0.06450499551158209,0.01149281513267203,0.08152471341107444,-0.6737945381771169,0.7273888838144511,-0.10129192035446233 
0.4649812151550703,-1.3695062891950651,-1.3776423795225132,1.1371844195587388,1.4645363271624652,-1.287176581578068,-0.160880429646573,-0.7535482925112439,0.060505957632818075,0.011881534061342708,0.07961983867631908,-0.6736401049094699,0.7283986489817265,-0.0964629385220618 
0.513982673445012,-1.3576619202770184,-1.3784490976463055,1.2136504256456209,1.4741718356535216,-1.2610836882584362,-0.1902399230821394,-0.7435920361170336,0.05309090726785176,0.012194968268459366,0.07489999054315638,-0.6737436470838511,0.7297111219741128,-0.08933738242229734 
0.5409271658119847,-1.3554035530185635,-1.3798256656617907,1.2459254414184278,1.4755358322805707,-1.2460303033087983,-0.19533507618470508,-0.7391213699083374,0.04811071610901249,0.0110885089294602,0.07488925944642882,-0.6729877667244409,0.730953747584017,-0.08476841128448862 
0.5585699822173221,-1.3795248016601749,-1.3868797002858892,1.070502514364873,1.2129090215821627,-1.2597467880861903,0.07091131793699247,-0.7396129527335562,0.05339727583449283,0.01808672257339719,0.17035825458703213,-0.6390909334248895,0.7482349563378189,-0.05181982267728757 
0.5411125018889217,-1.380708543409155,-1.3870850499442757,1.0472985982335559,1.2117305408882297,-1.2707151101483154,0.07501465660343506,-0.7426433889926832,0.056637048722998684,0.01938428929425967,0.1712639867361321,-0.6391414062587902,0.7478202656393085,-0.05414572884296813 
0.5468814081514595,-1.3679683536001774,-1.392114829121714,1.066870095746631,1.2131346127183658,-1.2769101755268912,0.05917504664066667,-0.738449004764282,0.05812563299268067,0.02632123150979361,0.16937394378262258,-0.6398036252267486,0.7475581614843351,-0.055862183204669166 
0.8728796495792628,-1.4107408312735188,-1.4097114463345017,1.500466363632777,1.3452080574696004,-0.8400060818661307,-0.05490225101190483,-0.7350355279185551,0.05336023643473381,0.020980998547683233,0.11804454959919977,-0.6334313711163602,0.7576614630368778,0.10382335876086794 
0.8750356117164355,-1.4109522929658627,-1.4130693662220577,1.5252909664366405,1.3793899432322825,-0.8386850008128095,-0.09406639833775877,-0.7310614787969698,0.05718778430162863,0.020248942403785025,0.11398601567024357,-0.6355579585508847,0.7566479899690629,0.10274769501079815 
0.9561663575497934,-1.4698187457598226,-1.4161461961430077,1.5968281006476188,1.440331164901197,-0.7363215041060259,-0.08851153030987324,-0.7298952695650256,0.05375754537128968,0.014231043138210914,0.10527278187681878,-0.6275701427856132,0.7569978537898705,0.14841700252158024 
0.9488408801574462,-1.470420593536274,-1.420453745967749,1.5716153886507402,1.414631330244723,-0.7501116917379018,-0.05850722563665601,-0.7340418775736727,0.050362629359560096,0.01532939915353973,0.10795352262851574,-0.6269644688723333,0.7576283519985432,0.1458110831579664 
0.9539694692960738,-1.474921988245305,-1.416899584422508,1.57611085120381,1.4182670563273474,-0.7467825938903642,-0.05729843677666351,-0.7320052545367517,0.048928248780305994,0.011805093293867946,0.1084207388671622,-0.6269246119478524,0.757638464018967,0.1455830764770205 
0.9585823772361718,-1.478198475324203,-1.4171132032327245,1.5876822794247774,1.421133587185218,-0.7413016685906516,-0.06102163585978781,-0.7285394532989532,0.05279395090423156,0.011271404573424654,0.11025766206675619,-0.6249863019140567,0.7584950659278379,0.148056088488416 
0.9596075678217468,-1.4790627776414216,-1.4196651839587502,1.5949894209334186,1.4234080013062484,-0.7438118243555656,-0.0657871030298026,-0.7256223229252647,0.0558533919967924,0.011545525335579149,0.11188429491401308,-0.623847369883676,0.7592348388231688,0.14784729675571154 
0.9753376419024078,-1.552743470152745,-1.4235596975799332,1.8529859344964255,2.1081791342487994,-0.7800379192161142,0.3762578636150272,-0.7254949536860973,0.06070333792566229,0.011130527195677725,-0.24145788875655635,-0.2951840547984923,0.9243884113334604,-0.008398020144565367 
0.9563735048973094,-1.5599911698922202,-1.432334187459859,1.8313806540024695,2.1000007156291,-0.7867076196852866,0.3882852317232254,-0.7321737528270194,0.0656562877861655,0.011875250601590698,-0.2406300760300692,-0.2944420372443662,0.9248453633642186,-0.007880804328053517 
0.9665751961033178,-1.5621406604576096,-1.449952376287703,1.8380547886987728,2.087406349759006,-0.8061293744935254,0.4022314540809743,-0.7299308788272038,0.061335605312219155,0.016980596796876607,-0.23938010788025346,-0.29611877927472824,0.9246134455087784,-0.010040363363351746 
0.9569100985218535,-1.5663993745518003,-1.4487422092720998,1.8273613246869933,2.090444494653435,-0.8028721220338152,0.40256803100974436,-0.7335818602568972,0.06420714940884847,0.01567660385302136,-0.2397785923509909,-0.29581466736336154,0.9246202794265095,-0.008789089607273546 
0.945676265847441,-1.565819398041621,-1.4579874395403964,1.8181443771519759,2.0821064463004855,-0.8178317903293534,0.40661726086963357,-0.7359327080508884,0.06572482763804838,0.01782438422638591,-0.2381823251072497,-0.29668389778909715,0.9247228249735239,-0.011642240856404775 
0.9581686219569616,-1.5654459096899158,-1.46198339966077,1.8267782322186836,2.0760260340439345,-0.818880409996641,0.4151244426663086,-0.7330253699610535,0.062310658661645535,0.019534156654751944,-0.23804311765024813,-0.2962383341874613,0.9249047515394754,-0.011380864505370876 
0.9543075443718405,-1.5647046254869441,-1.4738166232334626,1.8144156054507161,2.0545813660344967,-0.8225526761179521,0.4363350227313292,-0.7364267199670164,0.06272750934207633,0.023944902672703633,-0.23671849607476725,-0.29515833136801684,0.9256045166810194,-0.010108993018342073 
0.9555784714256103,-1.5649395761476106,-1.4810697158221604,1.8140862190602982,2.045698562722888,-0.8335582092542283,0.44433581120817206,-0.7354248036107689,0.061026478765316805,0.025209153283000024,-0.23482016240145384,-0.29549701099562403,0.9259530260534469,-0.012328883358663527 
0.5391247983273706,-1.4436324353282242,-1.5377928499712985,1.1181314793286343,1.414977530439023,-1.3686277256834454,1.0115083096874025,-0.7375986049919584,0.060600255966259925,0.026287742167162093,-0.01406575891542392,-0.2129989153297571,0.9649631572326968,-0.1525769369137618 
0.5211078344903693,-1.451966684775707,-1.525547548708056,1.0876519402623885,1.4130099123883033,-1.3626562860694353,1.0250831409247085,-0.7429648210212023,0.061528051404124595,0.018359772291653725,-0.01196942796169026,-0.2129480302230579,0.9648412404218624,-0.1535944334915545 
0.4461416540796592,-1.4430523989314348,-1.5148625936127125,0.9872159262766452,1.4008581002318596,-1.4436931953663907,1.052839983920219,-0.7394313452298541,0.06399578519923516,0.02090086572674718,0.011635940341538748,-0.20602753037905458,0.9618675397440506,-0.17952185829308714 
0.42129236370260953,-1.4491144393504973,-1.4981930759908793,0.9450983865685241,1.3969695546549705,-1.443540276707731,1.0709969235995624,-0.7447960766909199,0.06350742967323339,0.013517343662689696,0.014704579653493104,-0.20580386992320326,0.961050963032429,-0.1838738396735333 
0.44883714592151014,-1.4960238114995632,-1.4934143064667211,0.7149562076932161,1.0897552915872881,-1.4739537227731976,1.2855671002465687,-0.7417157124399323,0.06615981384143566,0.014136770204694837,0.10195703943575482,-0.2079021745364429,0.9713570969319891,-0.05335576981332675 
0.7256043712479278,-1.512924684512887,-1.5119746350421825,1.1915147233386052,1.1785850510085367,-1.1240287366680315,1.1042418825422202,-0.7414760302848724,0.0700563063186829,0.011137529005109476,0.004945731760215406,-0.24941145654270838,0.9683481280567605,0.008447956650490189 
0.7079401629964472,-1.5158811927442013,-1.5140231585285102,1.1475954752258286,1.1636266291617006,-1.1443606932257393,1.1322850286937292,-0.746912597425535,0.06722893498320251,0.011180090544983312,0.009700778837429229,-0.24727678446364848,0.9688590836736687,0.008494865407094201 
0.7048197705300322,-1.5204701322958478,-1.5184320949658323,1.127125100859385,1.1593999366887462,-1.1543509828441798,1.1494537490970427,-0.7497975352012151,0.06294273676736634,0.010994644897694555,0.010977447111378576,-0.24673680783533333,0.9689738444214387,0.00949379488318722 
1.008030008332684,-1.5895576907929998,-1.352721483413159,1.4305759818231418,0.7646125318880964,-0.6243220912865391,1.6723033709118555,-0.7473351806699685,0.07150763723350323,0.016342809460236668,-0.13508925764742002,-0.20919055052580257,0.9490945167176813,0.19289843020463276 
1.0187839926180242,-1.6125264166081275,-1.3726469950032287,1.444217804796709,0.813833181715473,-0.6266338482758956,1.6448376246191345,-0.7448153428495063,0.07287415149289589,0.01471984963925091,-0.13681316875759286,-0.20986283988657614,0.9485138151198883,0.19380734716713435 
1.0152992196915225,-1.6228101998118356,-1.3893519858966934,1.4290449372244736,0.8298271365545159,-0.6472005159478302,1.6381694220787928,-0.7476842510456426,0.07075798067982281,0.015950842151509242,-0.13534713212381327,-0.20959655685285244,0.948829042674639,0.19358172681949182 
1.0152744722317262,-1.6501466961831324,-1.419257780259937,1.4085803751316883,0.863085565817441,-0.6794140526068188,1.6327927595851852,-0.7505697566484792,0.06680356962544726,0.015040189320162517,-0.13405815800693802,-0.20869001818814117,0.9490062178380742,0.19458696021340696 
1.0114376027996625,-1.6532006362200256,-1.437742368636262,1.4093600089088987,0.8862911478218959,-0.691885016761113,1.6098695138869552,-0.7514234043772887,0.06986278172183702,0.02056930401049703,-0.13332744310004302,-0.20786911583432957,0.9493187025385091,0.19444337121450198 
1.0125269688145844,-1.6556175547509686,-1.4415585053021414,1.4167177837281373,0.898400775544852,-0.6929913405041302,1.5993576109140235,-0.7493683222333941,0.07226433686406625,0.020656446306855397,-0.13268802381149655,-0.20683004036222746,0.9497362349160064,0.19394923776165593 
1.0104190035590908,-1.6577511063151305,-1.4522413632753057,1.4171093083123325,0.9135260178814559,-0.6978571754507749,1.5834760562169237,-0.7507483371001511,0.07337046841193912,0.023860893904346675,-0.13279133099240287,-0.20795252946514586,0.9495033535403226,0.19381844473113258 
1.000163383315442,-1.6595920031428961,-1.469680208177867,1.4067067614525954,0.936726039266914,-0.7184551219318159,1.561736132952321,-0.7530181963980742,0.07439554509653701,0.02679268720887544,-0.13009630586118476,-0.2071960116017546,0.9507624796700942,0.19025107418664577 
0.7195597678680066,-1.5836359856450224,-1.518610120622114,0.9621141883131779,0.874828572295717,-1.1814802119856576,1.1795740012284575,-0.7557308985653739,0.07316962303818522,0.025054280866894568,0.11251927354428448,-0.3144918803889839,0.932851885784733,0.13498751586104166 
0.6572108791434133,-1.6100981729629174,-1.5219319080489968,0.796531748068451,0.7983300049099775,-1.293840230118059,1.2928841886047833,-0.7560894703928538,0.07082742429617359,0.02130558142080355,0.14157701543918047,-0.29071000891913495,0.9339913205914594,0.15199951471433212 
0.6517412189622748,-1.6072371789657491,-1.5222471531273167,0.7946930683542506,0.8002127746517762,-1.2918922542863571,1.2871731061911948,-0.757799957852137,0.07313766896590654,0.022686097944238842,0.14097734054773198,-0.29165064372053784,0.9339597599374965,0.15094521617785303 
0.6592782178244928,-1.6111965870919307,-1.5219408362807854,0.7987911938313006,0.800425902042725,-1.292747808031617,1.2914995910929912,-0.7556890699072223,0.06993660754681669,0.020263238295484987,0.14168329791778989,-0.2915000873568121,0.9338071969292409,0.15151785744678364 
0.6548782695055693,-1.613509123043549,-1.5213993890046746,0.7947608990484663,0.8026901536351199,-1.2880744997002613,1.291807825401872,-0.7577929105539243,0.07106165965449945,0.018296648921969166,0.14047447966264684,-0.2926073848261032,0.9336698583224765,0.15135532553836367 
0.6410415231433179,-1.6128510692292817,-1.5221442085902124,0.7779344480743614,0.8022830733894505,-1.2922760490254614,1.2927659042598,-0.7608473587860876,0.07405409131913235,0.018715213129335134,0.14096783435126747,-0.2924935912924923,0.9337294949848053,0.15074746739681846 
0.6583497998554546,-1.6230693586255596,-1.523038351674317,0.7826553338629602,0.798589727006901,-1.2975145934706325,1.3092008306497098,-0.7562109263205136,0.06629331678606493,0.01414100437390478,0.1426046598993823,-0.29082533822941814,0.9334019109063694,0.15441957885923768 
0.6456258486989206,-1.6231669702000513,-1.5230400294811435,0.7702870144854711,0.7986554964236368,-1.2948865128985614,1.3082275317571226,-0.7601645363458573,0.07019547691966205,0.01394869634152937,0.1417802483446622,-0.2917683432407514,0.9332283724170201,0.15444869691179905 
0.6173055073921144,-1.624597587026397,-1.5232094863343797,0.731201004241232,0.7983677792455114,-1.3038755803198783,1.3146122474483801,-0.7665072301253084,0.07431635922646362,0.012156009601996726,0.14270506321287016,-0.29214095257803907,0.9332467563929536,0.15277244660683398 
0.18163027616848906,-1.1603892345346207,-0.7251027714748862,0.8143636754797311,0.6631840924919088,-1.2363902527292634,0.4875053860838441,-0.7553910084130476,0.07547026217086195,0.027909216210729365,0.11408703404566475,-0.5436792682993786,0.8163103315442319,-0.15822276858360748 
0.11063896357414224,-1.2453162832213212,-0.7195575508635242,0.6131195974169262,0.6630352963663922,-1.38533277646352,0.5412137087325894,-0.7571229741265426,0.0757128548170636,0.025827173591998126,0.13759312612307914,-0.5385221789473352,0.8108715796112519,-0.18316461395216532 
0.10983032798800066,-1.214190674535034,-0.7160146544368572,0.6935611903958233,0.7068847123504499,-1.3335146657932202,0.48360769672700393,-0.7566261546545472,0.07836080518127768,0.023793737719775346,0.11436342541705644,-0.5441266125674398,0.8088416066291122,-0.19137003895175703 
0.10799374550506274,-1.220961402078961,-0.7160513260951862,0.6918599697591838,0.7063856892069831,-1.327221389755887,0.48300051598793997,-0.7572720505461629,0.08069834711522718,0.019349976665025165,0.1151707604063622,-0.5438519494402956,0.8092760432219317,-0.18982370480122993 
0.10499595151029247,-1.2340313378161825,-0.7163783157122089,0.6581194031951388,0.700907172767071,-1.3453892350159786,0.5026386459176163,-0.7600699045456023,0.07721809960342885,0.020033615573923386,0.11874000941903153,-0.5428527357377585,0.8094812361430008,-0.1896097196812414 
0.10544074605216934,-1.2348757463251714,-0.7159138671267085,0.6552441478944865,0.7022969592518123,-1.3445608853905202,0.5022796584158352,-0.7615064419771802,0.07575056605534192,0.020253710644394046,0.11767843510459629,-0.5441553810430864,0.8088652251959371,-0.18916594477313456 
0.09797421442216821,-1.2512089265646744,-0.7163655525557214,0.6321250201854804,0.7070168264444431,-1.348053088510897,0.5091614797663934,-0.7647015669549371,0.07590107769200516,0.015306107778175454,0.11752127288894283,-0.5438278133476124,0.8090095288208718,-0.18958808539870875 
0.10025529179576705,-1.2420830591457557,-0.7163212109389114,0.6512157705740016,0.7052820859304877,-1.343221588335796,0.5016457528680155,-0.7613329274758494,0.07854490704815378,0.016210370833902754,0.11797951800962822,-0.542916339396435,0.8094348646080929,-0.1900996625548539 
0.09969239278690313,-1.2371137403552679,-0.716078110899635,0.663994010306002,0.7066467536366342,-1.3386874766663548,0.49279222695282704,-0.7592494985755627,0.08109413273809579,0.015947254769200336,0.1175611267147683,-0.5430359132761701,0.8092322342745419,-0.19087841519905535 
0.10089524938185117,-1.2278851681638507,-0.7149470396968215,0.6867831524312411,0.7102873694336909,-1.326910518909005,0.4796256982588985,-0.7572295662062004,0.08352243874219492,0.01566510939860971,0.11489138274549918,-0.5434850535859264,0.8091776853747787,-0.1914561051286832 
0.09629941894306858,-1.2326126452974528,-0.7149734050768345,0.6833839468893124,0.7133572484281784,-1.3261485619355418,0.47641925898778165,-0.7574198384667403,0.08564240534983539,0.013249778023650904,0.11464165192165673,-0.5435675177718468,0.8090013283574186,-0.1921158400131516 
0.09538783892890584,-1.2377037238197965,-0.7151956524676234,0.6725083826410291,0.7159470873528084,-1.3281241015339542,0.48035290103638206,-0.7599808941177956,0.08354450363958421,0.01289773326401461,0.11356875379578692,-0.5444104099486473,0.8086514913669134,-0.19183901900000536 
0.09295594012790978,-1.249782024889808,-0.7161575063636406,0.6430541539335782,0.7129475796846955,-1.343225423260495,0.4961110183038825,-0.7625777847900621,0.08014628722931083,0.01302826383126146,0.11636674541156909,-0.5441207428385584,0.80845670227909,-0.1918050007563762 
0.0862983436261831,-1.2693953474730781,-0.7158848652086942,0.5948807456178788,0.7068654416465799,-1.3666170124646175,0.5213124051864941,-0.7665955719353018,0.07609629615925324,0.012981325033254859,0.12047622726842827,-0.5431411071067984,0.8085699844541778,-0.19156668988563214 
0.1398765773955495,-1.1799232814271052,-0.7253851798195761,0.773515864329599,0.6864630179439215,-1.3266457274814525,2.3785617876554572,-0.752892768869211,0.07678310939049399,0.02595633658024997,-0.0996986660283841,0.34505693327956805,0.9027699538753146,-0.23664804915279392 
0.1143443060846063,-1.2024112600085957,-0.7265340474902736,0.7277963459634708,0.7082590633178195,-1.3700564850431345,2.3598647189690034,-0.7509452000413831,0.07635917548776988,0.023865368768756987,-0.08450145009328279,0.3407956296032526,0.903745392450583,-0.24487161819981698 
0.11428288696648092,-1.2048693444206917,-0.7276737472736597,0.7284556580510456,0.7083546494158977,-1.3649474301749105,2.358989451075344,-0.7517269826132739,0.07789161994667965,0.022052558891916235,-0.08592943079306305,0.34048958618737707,0.903996055466474,-0.2438731357131917 
0.1095283254862972,-1.2089723834359185,-0.7282719398943253,0.721150014580318,0.7109198488293456,-1.3663094373447786,2.3578841460591944,-0.7530338620858572,0.07964685240088419,0.021422733999083593,-0.08633341695455686,0.34027607145366706,0.9038944927597883,-0.24440434176080947 
0.10468082631427558,-1.2159252712120423,-0.7290229912870404,0.7162021476316666,0.7154225618073773,-1.3651276129490648,2.3547681877108273,-0.7535499500895498,0.08169888852287671,0.01801996372428094,-0.08590674770208903,0.34029422912718105,0.9037608346168902,-0.24502290124510706 
0.1049655715457507,-1.2155301513586712,-0.7295365152586146,0.7139607379922239,0.7170632501931342,-1.3737835190509577,2.355484664567393,-0.7517897571617775,0.07964450274179746,0.01906814868289944,-0.08274269219628633,0.3408115523583475,0.9036362524076936,-0.24585088163718857 
0.0642015900867549,-1.2545247818355958,-0.7295511959865347,0.6159968899531479,0.7375999932132956,-1.4552286111180708,2.3061551380469507,-0.7496746330712489,0.07679263798856757,0.020607713326687344,-0.05482164730657255,0.3143467234272231,0.9124616457925874,-0.256114172615741 
0.057651012702354294,-1.2822322499028995,-0.7312682357420989,0.5584730898275653,0.7174703302642705,-1.4923131958040134,2.335955531213085,-0.747441244824445,0.07646393927959932,0.017216064217568966,-0.045305039077514216,0.3154432065467051,0.9162561237238813,-0.24272979342512754 
0.05423748597033134,-1.2847489971218997,-0.7326835727562585,0.551714226595561,0.7180423134064585,-1.490319859737717,2.3361902422182284,-0.7498035524119819,0.07868119655189301,0.01744126163414042,-0.04785117602862921,0.3147317381833193,0.9164847436753923,-0.24230128464998726 
0.04067769510785417,-1.2952472979803888,-0.7324238146401026,0.5259834366267574,0.7241908919404073,-1.5016122353367307,2.338571447822017,-0.7519695633164413,0.08097070229936547,0.017348518922171013,-0.046979843961209654,0.3148415720349066,0.9158877984246563,-0.24457559051713496 
0.026858385675660977,-1.3091905241532276,-0.7326503764848026,0.4982945440986827,0.7300896232758075,-1.5139176973357076,2.341914806863956,-0.7531631726021838,0.08336803758404238,0.01527082020329143,-0.04478462733936678,0.3152644016487824,0.9154721043966928,-0.24599495986422196 
0.012013346569319953,-1.323337781824535,-0.733118480226089,0.47169106288761087,0.736077229569246,-1.5233814000657873,2.343128689031038,-0.7545957465798713,0.0870726996613579,0.012642677778942235,-0.04340748853575342,0.31526534384717686,0.9151578029588179,-0.2474060399253205 
0.018641641610899526,-1.3261035611296899,-0.7334709962651699,0.4645836385326107,0.7269019153581886,-1.536736021147874,2.356689977931429,-0.751131410838555,0.08300439162579058,0.012744293196426143,-0.03853308970640839,0.3172723695364375,0.9161236484189612,-0.24201426679835178 
0.25660520504207485,-1.2897449807254502,-0.763657041746148,0.6242121959756889,0.4106724469055779,-1.3849742683818678,1.9892141543815887,-0.7454033288499679,0.07841291321936679,0.012607469086021506,0.00480760875352169,0.05046214844514273,0.9948688259041776,-0.08755842458848054 
0.2397248849169395,-1.1236165392042619,-0.6368671779379195,0.85268796840603,0.43503244535330504,-1.2045194050330024,-0.05222149967550091,-0.7399210238564585,0.07341489628758327,0.031757111851505065,-0.24449460528104958,0.7604255583144907,-0.5975846396013845,0.0697707443205405 
0.3443219415357717,-1.237235260431601,-0.6415397074160963,0.7183572708108844,0.15141397051800567,-1.2896094392193218,0.2079708834143579,-0.738678933867011,0.07272360931295943,0.028069589672601758,-0.3629934415086722,0.7077946659550705,-0.6060203203414285,0.0013577925146571767 
0.34565063255188083,-1.2434719708932924,-0.6419934900763717,0.7183102326603801,0.15358704611027632,-1.2869552329227607,0.21150041738210548,-0.7379499822037536,0.0718336295393246,0.02363064009752422,-0.3635506141435818,0.7073468855392263,-0.6062069874911703,0.002103043190575642 
0.3432742207130488,-1.2480211827150895,-0.6421818821157459,0.7163180949807813,0.15530174902268837,-1.2828436851001814,0.21091576698927242,-0.7389274296962193,0.07303733436309208,0.020893206104834777,-0.3631432331007281,0.7075851287497611,-0.6061742373108661,0.0017526682299099131 
0.33516886999705126,-1.2571843809813794,-0.6428364005474471,0.6939004038625947,0.15525314090488862,-1.2960848753797687,0.21119775580044325,-0.7412510675046393,0.07480077113941291,0.02168147944058199,-0.36452996211055694,0.7066625452181354,-0.6064173101064704,0.0019999781837881205 
0.3339062719817213,-1.2618621835355588,-0.643862190217288,0.6908860716732479,0.15847296654593565,-1.2957927000635017,0.21036203586772,-0.7412889638220899,0.0749090035577961,0.019184642843964594,-0.3646794615052464,0.7068890563651393,-0.6060601737375668,0.0027960966787235002 
0.3347862735355615,-1.2654384560025949,-0.6439936572522775,0.6947554782968087,0.1614230033799996,-1.2906848435819753,0.21290718570230255,-0.7403376917548111,0.07463237892137269,0.015102486546551747,-0.3643087753645419,0.7065104772201447,-0.6067185448967515,0.0038300194411583863 
0.33606642847233575,-1.2724448532828403,-0.6467542833637328,0.691163206941935,0.1633525594649248,-1.2898736314535255,0.21574349212628435,-0.7404713866223851,0.07424440533156236,0.011899786084549557,-0.36541382160169256,0.7060020841390198,-0.6066486546908882,0.003347526779926473 
0.3093254282970931,-1.2377054016266231,-0.6523925016626259,0.7107993594135689,0.24751163507186377,-1.3003525178148307,0.14936520735433848,-0.7357888339581464,0.07051343628070575,0.018854162271711244,-0.3382324412413941,0.7195168580506269,-0.6056166776660209,0.03350740821985084 
0.2936296289922828,-1.1358565673915015,-0.8127323228819598,1.000129527854944,0.7012190501889659,-1.0895025441751216,0.7234913126853445,-0.7451584144821979,0.08268408782584366,0.011751781287445279,0.07303684318736096,-0.42719255791651434,0.8906838508812566,-0.13731138254822858 
0.2871263294139095,-1.1409801232187327,-0.8149870948712388,0.9901037649648722,0.7043110760153979,-1.0940977155339455,0.7218227491225053,-0.7468349177860706,0.08559903785933609,0.011653899239429416,0.07311525885682905,-0.42700967242824395,0.8907707382766507,-0.13727487171763603 
0.2740372788307201,-1.1461068547816207,-0.8154770698787974,0.9766911402649232,0.7074259199274046,-1.1048449885919793,0.716625849869533,-0.7472797203143935,0.09081006498085714,0.011781343906366176,0.0743263156464831,-0.4264705496378536,0.8905859875698718,-0.13948142470666994 
0.2831533191732857,-1.1277977154101864,-0.8164767939289244,1.0222504895474298,0.7197872164490495,-1.0836877982578603,0.6908861316689409,-0.740266222306526,0.09187194874359493,0.01140621222405333,0.07036131246572126,-0.4276889866817718,0.8899600982449063,-0.14178307342957816 
0.2777274014156083,-1.1289197384989083,-0.8198449603172695,1.0220003787387142,0.7272877114881627,-1.083477894599123,0.6817561296741071,-0.7407300489621703,0.09574157573940399,0.01154359499717958,0.06902086050227274,-0.42790504298355053,0.8899065550588865,-0.14212571290233397 
0.26786708079424376,-1.130897734866409,-0.8214741557971684,1.0203484732527546,0.7385533622129709,-1.0836637099871058,0.6676629208136599,-0.7414850850881765,0.10045873144606741,0.0110241806116059,0.0667168974562661,-0.4287226660614306,0.8893894351217263,-0.1439866795674023 
0.2631372667738564,-1.1266793475863335,-0.8322987870836385,1.0386957822113485,0.764316281969791,-1.081945112197935,0.6358908231919782,-0.7377681008766537,0.10635923271132013,0.011028167420407575,0.063508367884314,-0.430086698789215,0.8883019028352611,-0.14802651165423056 
0.2781621291165258,-1.1190992653806129,-0.8328471852425784,1.058714591031082,0.7601446211244154,-1.0713550122567788,0.6386238855367229,-0.7346588720073765,0.10189563533097641,0.01072860413785226,0.06403120719059804,-0.4301016741869615,0.8885566454588318,-0.1462177902248406 
0.2942972102316875,-1.1109577223173321,-0.8332012590970997,1.0789473781988579,0.7544150111463358,-1.0588127419123126,0.6435571917488404,-0.7320302724765069,0.09729274138918607,0.010781736928308722,0.06413171091726601,-0.42997912391011023,0.8890621529223465,-0.14343488033738716 
0.2979671993528231,-1.0992685490581207,-0.8328580908233264,1.107362994084287,0.7582955032504572,-1.0407977554242709,0.6282763462190211,-0.7281105211757881,0.10083555220719506,0.010709930266280282,0.06129344765441731,-0.4300230152387213,0.88946147557425,-0.14206196925606684 
0.2861903614777763,-1.105445637981733,-0.8351452202351896,1.0938391558044873,0.764938790473962,-1.0496130516475235,0.6218928290235444,-0.7300026440109508,0.10536797392808889,0.010881764553796608,0.06101212193451582,-0.4300957245857997,0.8891925291555322,-0.1436378597865194 
0.2766322230179451,-1.1104504300438522,-0.8370944544492821,1.0833651229856653,0.7711521797152885,-1.0581171774817615,0.6160119901055039,-0.730905800649822,0.10870990492109708,0.010798473321998708,0.06108368574021449,-0.4301634331919536,0.8888155819426474,-0.14572256303282416 
0.2687144253833669,-1.1122447681412426,-0.8391698226266685,1.080453076253464,0.7795291529248144,-1.062227886455469,0.6059240890216548,-0.7309128552634037,0.11222933161623619,0.010814608910254209,0.060049687453308846,-0.43045071221039444,0.8884117283189165,-0.14775256471452583 
0.27105033053008787,-1.1038227941913146,-0.8393953057488076,1.1010041643529138,0.7828399627543009,-1.0534999551968356,0.5930585442116451,-0.7267029244265626,0.11441900759628287,0.010662501988942447,0.05923214105626655,-0.4306358053292229,0.8883107879706819,-0.14814958862328534 
0.27137785945384946,-1.1085494923626547,-0.8415550429240692,1.0932240654514194,0.7828124471150444,-1.050966490014346,0.5964397135210837,-0.7301429142315713,0.11493238585827288,0.010653714158802063,0.05853861311837229,-0.4313402203209313,0.8885312417575493,-0.14502095548042587 
0.29584341486932175,-1.095091627201331,-0.8468850269140815,1.1313096326789627,0.782648406934775,-1.0292788179805572,0.5940262703770137,-0.7248209011633141,0.11027031349169444,0.010604567311146312,0.057654488617691034,-0.43111974374760126,0.8893360705336382,-0.14104283087425257 
0.3076692682438324,-1.0781519851893326,-0.8467369019112955,1.1725786892978731,0.7865800956545099,-1.00506864634072,0.5772833494428292,-0.7183526768670142,0.11111031893793052,0.010383462895386358,0.054701359542748365,-0.4314033696604709,0.889680310478177,-0.139168383827724 
0.8222827314967001,-1.3004945907793524,-1.1991997274303892,1.498796661460767,0.8214689546069145,-0.6182093576702693,0.8651722350235507,-0.7138821365388754,0.11860530430265234,0.015165759378404225,0.03582790612697459,-0.3845513961866864,0.9151071588469002,0.11582518146146475 
0.8220629407659165,-1.3044445314760895,-1.2057250779348645,1.4884321645240528,0.8177334237908771,-0.6271574989750393,0.8723909329540949,-0.7166808072651634,0.1178324426546648,0.017650978816132562,0.03612401824765255,-0.3842148553756203,0.9150341090573799,0.11741626580632387 
0.8633367910407005,-1.365849422877326,-1.2212678985853223,1.4599687915215505,0.7038229826473058,-0.6219399869472686,0.7677027962191642,-0.7195056410433572,0.11839916491324437,0.020322698888034757,0.11971397717509123,-0.46608154086287407,0.8580774051579975,0.17927556356940702 
0.8780672011760106,-1.371276059601572,-1.2357854088769846,1.4809954136652446,0.7159053821867333,-0.6033602438746234,0.7606460651704544,-0.7191943409427755,0.12206801720461263,0.026559331246422485,0.11563590963285768,-0.46542756463099605,0.8568785569392224,0.1891154598196488 
0.8778499870966182,-1.3758156241159287,-1.2405445243575193,1.4750391340902005,0.7145990058596093,-0.6035976513043783,0.7648858441875901,-0.7222776803259819,0.12220146388082903,0.02859183825479164,0.11471043321471704,-0.4654404047853937,0.8562589502562707,0.1924249365621049 
0.8769870629350103,-1.3756973997666386,-1.2449567565218844,1.473085945069106,0.7165123593549566,-0.6060295502144574,0.7623041425769814,-0.7234263213630973,0.12301397404513026,0.030948735094937646,0.11435883353477107,-0.46520621141627505,0.8562373840839522,0.1932945424717239 
0.7789623349754647,-1.3851944186504774,-1.1646641872812549,1.2585291308810191,0.4949208769125008,-0.8143324565572345,0.7411281369390275,-0.7202691146609799,0.11529453047542984,0.010230978948738007,0.23402955649529517,-0.5098266039876982,0.8096823571522608,0.172399191034486 
0.7807017254174299,-1.3868819172903715,-1.1743286257827603,1.2597767486262963,0.5028990151608098,-0.8167910202803764,0.7369078323056856,-0.7206851246059585,0.11689736296688491,0.013295319468007716,0.2334081281300079,-0.5084041218495087,0.8104576343138815,0.1737938939998256 
0.789719734870151,-1.385881294504763,-1.195665459693378,1.2710449759588625,0.5233697969525506,-0.8162910983141615,0.7176636238426828,-0.721204415044999,0.11868121411120436,0.021267414250890487,0.23122972762520594,-0.5086123950432603,0.8102673834267027,0.17695483046692057 
0.7799267655228732,-1.3860675892037915,-1.2035067380574749,1.257593102949193,0.5289830161588023,-0.8233842015881505,0.7093052261287525,-0.7259562461886409,0.12144261915765941,0.025656127757349628,0.230534175544887,-0.5087562030177729,0.8102346850346603,0.17759750832588383 
0.7787943761601421,-1.3881249810352978,-1.211002151614104,1.2563151052393742,0.5354522924850869,-0.8221929096539092,0.7032548104751729,-0.7281062866009592,0.12337107928334645,0.028289304810007437,0.22958112391580815,-0.5089320352518433,0.8099124914971895,0.1797844463594831 
0.5978332990421913,-1.3577272342064528,-1.2197333785997808,1.0424588887932351,0.6669029412764227,-1.0844598819588926,0.5592765721109242,-0.7297226165506716,0.12646383144090503,0.02945270011781452,0.24686535791077557,-0.5141072708957852,0.8183457786589798,0.07114348618602089 
0.5958089837089211,-1.3597865435003085,-1.222382851017995,1.0503155069652108,0.673757246835008,-1.0788266970804794,0.5529054585341092,-0.7281769794738876,0.13078816080617514,0.027831311450581292,0.24665409263169633,-0.5129678652711774,0.8191672532772334,0.07064516222218455 
0.6310240892916857,-1.3434012917989044,-1.2329153667657249,1.113875401663362,0.6885259344624587,-1.0488133442931706,0.5274476092623849,-0.720015760633821,0.1287330892714661,0.03237666199126685,0.2412870085268033,-0.5159817236491152,0.8185997397642418,0.07374216184917493 
0.6187742940237857,-1.3490074523264293,-1.2326615409146136,1.102214091712994,0.6939300529268789,-1.051422370014967,0.5256292428899331,-0.7221504378821288,0.1323614687024014,0.03003433130057745,0.24120223469214866,-0.5153983253619915,0.8191329368549806,0.07216148524595957 
0.6144828628601019,-1.3569627005815983,-1.2331050171874898,1.0922757537832346,0.6987248933555229,-1.0552524084465043,0.5267084222906755,-0.7234560022665337,0.13167568418094625,0.026513020640058588,0.24224600173853278,-0.5160464956229911,0.8185030244981775,0.07117364599527592 
0.5664754361198487,-1.4489386905853077,-1.2478419586721101,0.8610725515128941,0.587089057970134,-1.2372824183553253,0.7047951429525389,-0.7270595321757671,0.12092214699829942,0.02382563257206692,0.2981890287465217,-0.479123237726527,0.820609436008182,0.09013534123743834 
0.5085489659556338,-1.3597806113443471,-1.351662677131692,1.1341956137914502,1.096666258387375,-1.2516112969520907,1.9835714419689547,-0.7090870872231093,0.1227871308189126,0.012621450072168666,-0.13201644134974816,0.2349367541081431,0.9553024848992001,-0.12154646489261678 
0.6221943521051189,-1.3490557487502413,-1.3745677667151288,1.3247029648391433,1.1706696142372044,-1.0821104345843393,1.8911541928059346,-0.7129904938221235,0.12544290387410723,0.018263229980433032,-0.1928992051853588,0.2081677465774463,0.9520835471236619,-0.11398686424387072 
0.5846450790690697,-1.3120584690332249,-1.3854575921578132,1.578087948726746,1.6380448940147603,-1.0771782669813927,1.4332690170049875,-0.7167272542458905,0.12963735990736486,0.025327526995253008,-0.26497124305110065,0.17651165897654528,0.9164192260736451,-0.2425070652246727 
0.5192850338907867,-1.3116345870264454,-1.3797750322421103,1.5880179576180657,1.7432693608295178,-1.1576739087711503,1.317540293177502,-0.719012767236142,0.13285314358159933,0.028336197092318424,-0.270358445794392,0.1632330844215612,0.9043714283970291,-0.2870079971655518 
0.3300950487449357,-1.3213543327212018,-1.3513863808209596,1.3091585862641621,1.5918256694487458,-1.368229190329811,1.4547966996149844,-0.718409886761664,0.1321076337100489,0.022672679910561752,-0.1733660706697518,0.1777066962538982,0.909824408667246,-0.33254184855496244 
0.5056664003434094,-1.4305658552046556,-1.3515530814720575,0.9388637133424022,0.8942105154237696,-1.337431410109418,2.0720742838116455,-0.7074411085285673,0.12232444000747983,0.010262110203241304,-0.07647816993066348,0.1851018696477515,0.9794601385417205,-0.023371443789315435 
0.49724430651117835,-1.4338797930132274,-1.3537919143510257,0.928646802101735,0.8937860820674793,-1.3368162598697404,2.072320319931056,-0.710031063284875,0.12637265641729406,0.010473533837822263,-0.07745293466776801,0.1843178444032839,0.9795756851630663,-0.021434835739671212 
0.4780835083148761,-1.4573377148736522,-1.3580878396284504,0.856171363067838,0.8531159370794364,-1.3754792868426817,2.118319190570354,-0.7118926213867438,0.12920481765479,0.010490928972524599,-0.06792312375488271,0.18488006710400876,0.9804081413138342,0.0023846367750755717 
0.46460946449680174,-1.4686745518626958,-1.360951050630101,0.8198634759698885,0.8379017237916853,-1.3920794756233026,2.134208475221628,-0.7138749101259774,0.13220822739961308,0.01034281451557284,-0.06391937601545408,0.18376906286662953,0.9808098141209057,0.012464085487110216 
0.586650459325285,-1.4545630072276254,-1.4849869994450975,1.0933872307199513,1.0371497214106613,-1.299866557500884,1.9377885869132687,-0.7016610187126502,0.13092623269362857,0.029926775898329275,-0.10267929371603163,0.1645282422011979,0.9806698624061093,-0.02596230206556276 
0.5795053445850881,-1.458126696307087,-1.4858222999533848,1.0757051061182836,1.033845047460693,-1.3045440604038476,1.9486263410031353,-0.704867792166831,0.13101955967220424,0.029741398833991656,-0.10265793720687992,0.16490517484069736,0.9806611471649436,-0.023902838331968643 
0.5722292422300305,-1.4592159424397058,-1.4861313731111372,1.0661200630807837,1.0338681530019955,-1.3071505094742526,1.9502252162960192,-0.706543530742146,0.13270308170796646,0.029736185494347617,-0.10223029913097745,0.16503942081029074,0.9806866733436921,-0.023761402405527023 
0.5645838460948757,-1.4598242616788573,-1.4863035863846776,1.0574655951301943,1.0339903920230809,-1.3096454453135906,1.9506280061078716,-0.7079317851403665,0.1348411837538972,0.02984304989168189,-0.10167676359822946,0.16527480135740072,0.9807037466970946,-0.023795734801484596 
0.5632849957365694,-1.460358698185529,-1.48649449507975,1.056678591045719,1.0335264587242254,-1.309922340817672,1.9503389466406515,-0.7077786391670563,0.1357399332576824,0.029744600663207194,-0.10134380153749296,0.1654318325381311,0.9807230936909884,-0.023322868052234266 
0.5576784157846089,-1.4628984550618058,-1.4864859263857875,1.047449958967692,1.0248170910493157,-1.3145619735665255,1.9560265998634443,-0.7070203435085068,0.13892412027814835,0.02980664158549559,-0.09891361073718821,0.16670516196254093,0.9808479211054258,-0.019048418546937923 
0.5587154107954968,-1.463676471027883,-1.4872534560864692,1.052251858140513,1.0215272775307307,-1.3178414567212506,1.953902395955507,-0.7035036852426457,0.14079547316766242,0.029656085016435046,-0.0961831709868832,0.16819980640081447,0.9808984515876538,-0.017200302863022935 
0.5678846012134411,-1.4631665422164015,-1.4875881155528898,1.0661282722369205,1.0178058400738703,-1.316384894048411,1.9509950229968762,-0.6993865155824981,0.14051016296405267,0.0298438157818937,-0.09497879826069103,0.1687276625993431,0.980957520831394,-0.01524290257931626 
0.583414718594021,-1.4629770715635497,-1.4883961519456825,1.0833011872118417,1.0179632649326757,-1.3086774794926992,1.9508468381074804,-0.6975890791512671,0.13688038562660798,0.029864748172620775,-0.09749332858781973,0.16772209548589467,0.980897899537504,-0.014270958257967724 
0.5863584636688479,-1.4637447211465344,-1.4883150186791574,1.0797365993968986,1.015930069276905,-1.311154978292896,1.9569110356444153,-0.6980726930985582,0.1339808593715447,0.029754593896235276,-0.0973853127811888,0.16760430775499235,0.9809368833285187,-0.01370137957330917 
0.5846303983411497,-1.4665163128344307,-1.4883206512929859,1.0647511650237795,1.0087864165772058,-1.3168575518991315,1.9709941177772932,-0.7000944105459999,0.13186956167294434,0.029861229159626385,-0.09699296859595664,0.16809202417162541,0.9809305073254778,-0.01061956924786954 
0.5828990373954913,-1.4671616033831274,-1.4883386276388662,1.0591821555747127,1.007725381183035,-1.3186992276891591,1.9744206473213266,-0.7011115879530344,0.13133645506279726,0.02989221861607401,-0.09694983440773534,0.16805796883201446,0.9809445135666656,-0.010252317973423977 
0.8351373706168788,-1.5128180249333867,-1.5296519061013665,1.5634963758246074,1.3642442796707657,-0.9773716645388114,2.5167431964526314,-0.6963918421975663,0.13300214208635092,0.026143901389513113,-0.3849565278320348,0.45926018879838687,0.7937842416066013,-0.10389960751324658 
0.8692336888422716,-1.5613531170663955,-1.5410847368537683,1.513464154330955,1.2569172047577537,-0.965493380164574,2.6790160731202244,-0.6991255666997271,0.13052245244490046,0.026564136115595854,-0.405837476162513,0.4596757136182621,0.7875644866297814,-0.06112577730509591 
0.8241112844833312,-1.5305195040365451,-1.5511472912844722,1.6940339464111507,1.6443477334746466,-0.9926894813781758,2.168517453526062,-0.6960471960506402,0.1367233367174145,0.02502775637429662,-0.38343057075438153,0.4085775010875751,0.8117700218346311,-0.16454438509595012 
0.7602737152097538,-1.5246127192720107,-1.5100754350544214,1.8450384159772644,2.0279015092808073,-1.0605014989345973,1.3466180974531137,-0.697419621240732,0.14017239524681602,0.023847654116462363,-0.3648127348981295,0.1844439342343637,0.8869816912150325,-0.2148385045321663 
0.5735924478956793,-1.4767436503448002,-1.519436672667526,1.6943876009503192,1.937120430391526,-1.2828166007535997,1.448086552340311,-0.6988727025065599,0.1414903249764885,0.019772985546025273,-0.30170487097540377,0.23940354150140408,0.8745698653915859,-0.2945974638302984 
0.41853617181828506,-1.4337662424375082,-1.4915722112522576,1.496786727204201,1.8207549489082402,-1.4046918536621598,1.167570901159927,-0.7024125707011009,0.14260213974056504,0.01748823844626446,-0.2091533899988378,0.08836226313536978,0.9224691892111797,-0.31224600055350343 
0.4661195966694558,-1.43163406913804,-1.4938117033202676,1.4612274347298784,1.7061257417342566,-1.3400106549509383,1.25236522453833,-0.7000387078584689,0.14110964801429624,0.009965146983835882,-0.18481455761580642,0.09429499516913055,0.9408718185185639,-0.2677914380574888 
0.49555051617749696,-1.4283861044479444,-1.4951645426028244,1.4748623667072263,1.6779235049598873,-1.3204153087135484,1.274766796886376,-0.6957677593754856,0.13673111409701158,0.009532872218129429,-0.1818051161932048,0.09788624257567673,0.9444761337093909,-0.2555973710618946 
0.48082849507631964,-1.427913326824004,-1.494940018102777,1.409529525757828,1.6141135473841253,-1.3094871336966254,1.338875868705729,-0.7022691936616563,0.14347319073077022,0.009723383864701757,-0.16851499451143365,0.1041229125199717,0.9509772773360803,-0.23749386034932699 
0.4734534629868528,-1.4265397548843461,-1.4915912062159224,1.3916182627691522,1.607094626559282,-1.3117514931067347,1.3500977171859156,-0.7054578717740732,0.14242226759118679,0.009690367036809089,-0.16627843851892704,0.10447686184184037,0.9510751337235237,-0.23852076688659615 
0.12298990569001694,-1.466840905568975,-1.5439459705064593,0.7911959516956972,1.5795822016756993,-1.695043197995498,1.0544408966668386,-0.7073729119882544,0.14127528174262155,0.024742909334138058,0.02800422677528762,-0.1396091980204262,0.9425477279071913,-0.3022065779029353 
0.12570211560444036,-1.4719771046703907,-1.5430349896856455,0.7954957117887378,1.5821167215170227,-1.690596990597415,1.0529845736495218,-0.7071577106891093,0.14068988872972962,0.020838954164429768,0.02802321400170508,-0.13942078017676615,0.9425833721502831,-0.30218062823039726 
0.1272512564312919,-1.4792962303732575,-1.5420950069468173,0.7977016480474659,1.5863391953546422,-1.6843204325235714,1.051944103251761,-0.7074260680533563,0.14035639771247335,0.015515570081891972,0.027963085170062324,-0.13946213805733448,0.9426370908418961,-0.3019994915316511 
0.2845368379625169,-1.4450409413418577,-1.5239392058766446,0.9201774904591697,1.3979584929412028,-1.5959222130248116,0.5940966777226206,-0.6886886892279573,0.13455333091670785,0.02339058143567732,0.11205580940674423,-0.3584528567007588,0.9025847559117581,-0.21046568246860753 
0.2354203311680253,-1.4428362034698272,-1.5306322156543097,0.8734810779312784,1.438034795585374,-1.656119514061836,0.6046431551226188,-0.6860891918771616,0.13247032631018013,0.02965248325989446,0.10806704298888048,-0.3533350602480612,0.8977590727484277,-0.2398009522854773 
0.22988793349067765,-1.4529943321303702,-1.5302399121078527,0.8614966133976696,1.4446516218720893,-1.6483107128935435,0.611213326664033,-0.689144577091745,0.13344251891611633,0.023395706885524517,0.10814745821571141,-0.3534128090534755,0.8980996488359586,-0.23837058215967025 
0.2762382416646616,-1.4503020760198695,-1.5343206605414543,1.0165690681318145,1.5079398342119186,-1.597912732893277,0.8514489792413257,-0.689116454301737,0.1357264788825997,0.019381912886232505,0.03050191672516302,-0.20239106790442088,0.9448298515591906,-0.25574213636246396 
0.2840052177627595,-1.4578258323054711,-1.5346640085841408,1.0356369886319718,1.5188349326869723,-1.5847059971584534,0.9480992964123415,-0.690292463933405,0.1362399342379291,0.014200485053354278,0.013983870270963749,-0.15170528948414766,0.954042365475439,-0.25805643063641065 
0.30208192302014264,-1.4625328164374947,-1.5357444463672738,1.0758847495856991,1.5307963397194662,-1.5643846466393605,1.1262633151978647,-0.6910809376352671,0.1371966798577477,0.010324515111924587,-0.01714160253820526,-0.056604428382002886,0.9635908078274796,-0.260758239026793 
0.3165849923484911,-1.4583361205456953,-1.5617068913787837,1.0739223926772932,1.5317315885363143,-1.5839361904575961,1.1406101102539006,-0.6920266280847386,0.13069855304184694,0.021720135083984765,-0.015911293230445895,-0.05674383673557055,0.964668169638402,-0.25679230951638143 
0.3211403759817726,-1.456430449095234,-1.572331266313957,1.071176327411455,1.5322207366068734,-1.5926974977565986,1.147538430339141,-0.6925707725504175,0.12816081757969972,0.026577686511326762,-0.015391222940329071,-0.056517581550111294,0.9650564578572451,-0.25541124951762595 
0.33158726445831965,-1.4583069389678511,-1.5738946683352097,1.0674866841376125,1.5309929768905763,-1.5825363132427015,1.1609186376208127,-0.6971331904985671,0.12360810460827353,0.026129645098418947,-0.017674585763684244,-0.05722518094026288,0.9661932572771506,-0.2507657817099582 
0.33339262801876096,-1.4626039427496704,-1.5767183914807,1.0389786698670842,1.529030248379756,-1.579435155286391,-0.174615070429675,-0.6945286154084436,0.12740104867687096,0.024721020510519012,0.14259345304284088,-0.654246435980766,0.7255281969430176,-0.15886328586680573 
0.28037142098890705,-1.4692609400580483,-1.5732962360590212,0.9447159099893374,1.5304232946159413,-1.62248297053929,-0.13446480105905337,-0.6972193565606748,0.1260829085973652,0.022532738319360243,0.14928814144297206,-0.6537139463802124,0.7199568540051218,-0.17897836602103553 
0.28745445742193676,-1.4782020705933792,-1.571843328651051,0.9038494634133662,1.4872987803672812,-1.6105486000095397,-0.11634788876077512,-0.699087113407974,0.12561478442465934,0.01761161616425877,0.17545186405133875,-0.6575734742540306,0.7131107837864723,-0.16818673968490389 
0.2879000909217685,-1.4840863250116827,-1.5713493388407973,0.899241109473619,1.4915666983898324,-1.603683436735861,-0.11152202119950272,-0.7014961790668753,0.12447829527389737,0.013783860232318507,0.17527969514162264,-0.6578063123780287,0.7133133305395112,-0.16658924437462694 
0.2906546649949594,-1.4848337811352217,-1.5726435153164497,0.8857420785402255,1.4876095074426663,-1.6020336883677737,-0.09560457358816926,-0.7046636342216367,0.12059819301307138,0.01412262973765449,0.17763196737778264,-0.6571761724595643,0.7138174138915747,-0.16441125917053123 
0.38839566634081457,-1.485459058102469,-1.57497804230756,1.077325073715178,1.509608805309138,-1.5051401514933447,-0.189290113376041,-0.7007469769640116,0.12625380557251137,0.010394831088345075,0.15897028506025668,-0.6609804667422122,0.722515164144473,-0.125718370313941 
0.4185123232030535,-1.4902738403140803,-1.5839880821505843,1.0920087452421166,1.5137667560696406,-1.4796888934575405,-0.1742156362314759,-0.7083521827314233,0.11814214557942354,0.011507218348717957,0.1576239792981398,-0.6605801542851026,0.7255679294554833,-0.11108429529223514 
0.35043072045412266,-1.4838429853168833,-1.5864371184485886,1.0238628471815363,1.5365069666239364,-1.5513457500557226,0.007082197584157982,-0.7055662031521158,0.11955390780539765,0.015964995882619015,0.1311731427813295,-0.5975281653773871,0.7748036394774003,-0.1594773289410677 
0.35704337603660746,-1.4800709506122913,-1.5928706099837868,1.0265579195989512,1.5340943983479705,-1.5554300936494172,0.01052820151198513,-0.7056441546829002,0.11731958692585935,0.020414683805015793,0.13178191588876764,-0.5973413245102813,0.775189754212973,-0.15779009360609145 
0.36381446311836046,-1.475026011286804,-1.5979685793932668,1.0360351045611702,1.5322076019570545,-1.559007025305495,0.007344232591406151,-0.7044625981506376,0.11638069943599301,0.02499794527363977,0.1313415759968033,-0.5974329932686163,0.7754604925489451,-0.15647438596947755 
0.365956104065439,-1.4719681764386021,-1.6017203608608863,1.0387266415960192,1.5308874197264815,-1.5637952024815707,0.006522773962167091,-0.703540225894982,0.11593142706181066,0.028036354911488884,0.13157029418835084,-0.5973721843249645,0.7754614201661787,-0.1565097981465203 
0.3647295186284793,-1.4728873065289427,-1.6015817032875448,1.015666835773876,1.525485889934408,-1.5637364797880566,0.02814405334396071,-0.7078380131798258,0.11142349508288396,0.028042597355668206,0.13436668072826358,-0.5966834511987437,0.7757020760909652,-0.15556588097584895 
0.36268123479767456,-1.4813581162094216,-1.599115289946092,1.0104109142852569,1.5297149790934912,-1.5554107391479266,0.03191812550228829,-0.7097213758919493,0.11195907660836042,0.022231014793018228,0.13492327145945465,-0.5964724627170427,0.7760017035322128,-0.15439452112704025 
0.3555780649008923,-1.49095214736532,-1.5978617400448538,0.9983374068711192,1.5361396741256261,-1.5521981279562422,0.03752973876564545,-0.7114428133574536,0.11268188186429492,0.01615776486663334,0.13586834696986125,-0.5962128946210478,0.7758444159159508,-0.15535578158313268 
0.35125325769683946,-1.496142754924505,-1.596398286375795,0.9912270464359848,1.539215401369371,-1.5497463952336266,0.041219741577313736,-0.7124639223194322,0.11321758115575624,0.012588784327931007,0.13628640154518518,-0.5958638933975918,0.7759242151308846,-0.1559289891984449 
0.3492659736688073,-1.4985570369174468,-1.5961459585625972,0.9848265715124127,1.5405280095691223,-1.5484505410602307,0.04573821378766019,-0.7137785342203251,0.11267037638451209,0.011133465830237693,0.1365645288398373,-0.5957983340750244,0.7759407132248951,-0.15585404754519577 
0.35154117877305474,-1.4944298496357726,-1.6006564612723297,0.9711598213101363,1.5335329613577877,-1.5549417964486851,0.060090881113047286,-0.7155883142515519,0.10849898733238493,0.015439333754834361,0.13932683620701283,-0.595558244579731,0.7758043738221366,-0.15500317281944878 
0.3528488973674565,-1.4877565538974242,-1.6026479997585799,0.9724291304436895,1.529187385608301,-1.562010032380575,0.059606598496844035,-0.7144763211751468,0.10770832425642202,0.02019012467794537,0.13952755212409343,-0.59558207484035,0.7755858970543482,-0.15582224044572054 
0.3575857820438929,-1.4781745069357517,-1.6054250442913918,0.9723575247113848,1.5203965251944898,-1.569014272542948,0.0634958390420245,-0.7139938049593413,0.10537988935026782,0.027079791576419057,0.14041329290638405,-0.5954167101159078,0.7756720556112358,-0.15522857544207178 
0.3554637953586042,-1.4797877633053398,-1.6052247878310117,0.9510915775665032,1.515946542801951,-1.568666130844388,0.08243678662093314,-0.7175960436259593,0.10174571414393724,0.026503955499288676,0.14304063248815416,-0.594757928609267,0.7759021567003813,-0.15420190349506038 
0.35327403775662664,-1.4867177013107968,-1.6023817102931137,0.9488177506178663,1.5193495833340287,-1.5616021492616332,0.08356426255457063,-0.7185468617452477,0.10278776830810911,0.021289825747525026,0.14318892884003892,-0.5945034674041377,0.7761630260863388,-0.1537319577660969 
0.3504567261872266,-1.4943672320218666,-1.6005313459268204,0.9450195303021743,1.524198879955197,-1.5550041144113753,0.08508673845927636,-0.7198026090667168,0.10367966715274406,0.015957320270629904,0.14327315769793814,-0.5944619096176293,0.7762694954479131,-0.15327593005447876 
0.3427506898962082,-1.5006567930168038,-1.5997342751104688,0.9297272398848682,1.5271191001079187,-1.5541933217073614,0.09383696040861779,-0.7215274242092664,0.10395630398000208,0.011917102724899792,0.1445738313319336,-0.5938248261512389,0.7762996155761308,-0.15436771034386762 
0.33596060774170733,-1.5006137096733012,-1.6013691630908062,0.90517923293387,1.5252205112253787,-1.56061039471212,0.11015498060915493,-0.7243194749343428,0.10070721089017734,0.012773605943390554,0.1467789071149397,-0.5938359135769389,0.7756227233036046,-0.15564141886877775 
0.3393257781633084,-1.491419112715602,-1.6051471300604427,0.8912143152636722,1.5135175801247225,-1.5697278732059892,0.12641062296039196,-0.7257139990732894,0.0959259387809574,0.02017771844114538,0.14970816320682237,-0.5930993137602906,0.7758728647254807,-0.15440844429301087 
0.34197890573730866,-1.484199815700792,-1.6058265757208532,0.8894377738523321,1.5059366470491748,-1.575048030228731,0.13071505693608626,-0.7253448905470271,0.09425956309950767,0.025116191822772166,0.15066605541037387,-0.5926323508319029,0.7760991782120751,-0.15413209293678 
0.34488124538454273,-1.4793030014871738,-1.6080757150963036,0.8925788990849316,1.5033943615398777,-1.579409449204503,0.13002152985018758,-0.7246364572589363,0.09339476751285146,0.028931109900365418,0.15056665188795035,-0.5926375527591488,0.7761368462142871,-0.15401951287885557 
0.34215759058263245,-1.480228123729169,-1.607845258440295,0.8709474929755687,1.4997885479571718,-1.579372477785875,0.14834085572671818,-0.7282651594166281,0.08954296411202768,0.028730052810461065,0.15255273061394692,-0.592275678124945,0.7762553199010708,-0.15285569603109822 
0.3396763766309566,-1.486543570574907,-1.6050897256359293,0.8683201913657594,1.5019925905772946,-1.5729225679384031,0.149688961130928,-0.7290431874968988,0.09070330563435176,0.02382582662691439,0.15287962013385883,-0.5919399965704808,0.776512808139541,-0.15252121492799064 
0.33355465478720525,-1.4948263477538377,-1.6030966891117655,0.8587429380599604,1.5065559917950109,-1.5678808045667392,0.15363171128931305,-0.7304638765872308,0.09167503331966033,0.017917960186516174,0.15355782579107619,-0.5918634706346322,0.7763530262033104,-0.15294968117524 
0.33068928655859925,-1.5026130378912523,-1.6024682364088614,0.8561189320681112,1.5119910774618164,-1.5618501628390862,0.1546458164161441,-0.7313675811765271,0.09287387126213817,0.01264355126090605,0.15348211729930925,-0.5916016735680731,0.7766165544870782,-0.15270044792794582 
0.3272353730167682,-1.50294745770215,-1.6033125250355473,0.8347668783410008,1.508827625606543,-1.5635581545896418,0.17181172051254323,-0.7345299850996952,0.08927846396275169,0.012985708049683936,0.15538542876301922,-0.5913234474390159,0.7765977823385605,-0.15194681143018415 
0.3295077618141014,-1.496135025079414,-1.6069625004661503,0.8371067981813337,1.505350666366386,-1.5722962124667614,0.17078670980496413,-0.7331114994595134,0.08850951025295441,0.018555820907631887,0.15602680676584937,-0.591261662858348,0.7764078333198832,-0.15249969824218607 
0.3307154121740062,-1.4889303487968313,-1.6089356431820845,0.8375861072636673,1.5014110201669926,-1.5805388424914069,0.17045594514985246,-0.7319888813556933,0.08751625110042924,0.02388695732457073,0.15636698046876504,-0.5913433672928952,0.7761003585145003,-0.15339694550884936 
0.3367397622078719,-1.4827388786874316,-1.610736572624478,0.843429195909901,1.496410242754852,-1.5834358490669453,0.16996896621812102,-0.7313670005032875,0.08611884617601531,0.028499676171455587,0.15639653404226106,-0.5913003012781952,0.7763731604904699,-0.15214727574926334 
0.333825737908545,-1.4827642852271867,-1.610840415897064,0.825466460652673,1.4928801694803657,-1.5847828759667606,0.18448989201004665,-0.7338586118085427,0.08328972934762227,0.02886018441917229,0.1582423110115851,-0.5909143181874014,0.7764489983477987,-0.15134924027404886 
0.33116967414532744,-1.4916432177912136,-1.6076444028956491,0.8227767211978706,1.496964009895637,-1.574978461731996,0.18596161472185208,-0.7353017194660584,0.08453655901265761,0.02206611251380905,0.15809248323164138,-0.5907414358413374,0.776760334558157,-0.15058122520044986 
0.3213098329440918,-1.4974428635561188,-1.605900937873462,0.807067499547531,1.5000420381814679,-1.574897088919031,0.19261267976518548,-0.7364222214912163,0.08552260011919066,0.01779598717372516,0.15926482488759244,-0.5903636009486676,0.7764494673278295,-0.15241968020822272 
0.31981701792827605,-1.5038406420550796,-1.6042906175840081,0.8059617751069457,1.5030519001899012,-1.5683247601506611,0.19306412553867555,-0.7371590291504023,0.08649754465571749,0.013058375238273717,0.15929475632540901,-0.590240754984565,0.7766461641181918,-0.15186101383494724 
0.3163871926571995,-1.5035235394010202,-1.6053593108284385,0.7814211983498226,1.4997529786706147,-1.5697414154338216,0.21296710678251435,-0.7410760904439749,0.08186355611649095,0.013913297641631656,0.16094403486602768,-0.590166240980611,0.7766339834074516,-0.15046754289391648 
0.31808098309996397,-1.493846817054073,-1.6086843938732813,0.782134139932905,1.4942360168160715,-1.5820727633926825,0.21268745485812884,-0.7391818076286795,0.08081420919695417,0.021402224992894403,0.16203184932083728,-0.5899719207931499,0.776324712921262,-0.1516533962330917 
0.3206364992085557,-1.4875367032800306,-1.6094770904581952,0.7845112109607789,1.4901550527034075,-1.587197996917657,0.21237197023336912,-0.7384236558078808,0.07987425809222863,0.025886472325043403,0.162040508277479,-0.589908152248325,0.7763520332623225,-0.1517523180633531 
0.3227357160011737,-1.4841901083976585,-1.61018056450275,0.7847870278513823,1.4872031942692032,-1.5894147189839134,0.2138460897185699,-0.7383289406758874,0.07894075278168228,0.028386419736750462,0.16228924731335292,-0.5898036902882227,0.7764775427021472,-0.15124957126582184 
0.3301709089354583,-1.480520119276523,-1.610839936476935,0.788223684122985,1.4817016681065645,-1.5905297313031963,0.21800916980539436,-0.7380351755923374,0.07607806002275744,0.031109719107415487,0.16298540242176565,-0.5892876556112707,0.7769976691809966,-0.1498347076911295 
0.3332756620518616,-1.4805177823897375,-1.610947075476564,0.7928601410270987,1.4811897977690067,-1.5924883730601231,0.21675280359724175,-0.736585933476996,0.07518720050162718,0.03104611280181549,0.16351462970766878,-0.5890345088171111,0.7769032122086292,-0.15074054581983695 
0.3368106488645247,-1.479709446454812,-1.6103820792364376,0.8080349860573767,1.480306800095706,-1.591937278476572,0.2057580562684937,-0.7339522336593834,0.0777265194603305,0.03118062825973268,0.16325202997648375,-0.5888586113421657,0.7770151529358034,-0.15113491543942967 
0.33527157476954944,-1.4797570836895821,-1.61036614023521,0.8064053112664319,1.4799868692010436,-1.5884848629726545,0.20611284919866682,-0.7352684758611012,0.07904149584361549,0.03123680580944374,0.16272049207756875,-0.5888634107048725,0.7774369641473903,-0.1495115104878144 
0.3384093444975789,-1.4788685133326962,-1.6100275858483974,0.8285898491949153,1.484782189071633,-1.587243537030248,0.18777368940051656,-0.7323456068486304,0.08247660853375706,0.031242541244576608,0.15995701394159934,-0.5894745636343562,0.7772777639764186,-0.15090649471375095 
0.34574446908828355,-1.4783480983649027,-1.6098200789630555,0.8543097935786639,1.4875928254111428,-1.5865698437568858,0.16959194248384984,-0.7282853695344466,0.08457987147150031,0.030988062864182722,0.15825238354213067,-0.5899654857669052,0.7770040450955754,-0.1521894300277358 
0.3468639754122241,-1.4775796699287393,-1.6096293500368961,0.8714114023634134,1.4911669047192573,-1.582849401094066,0.15383022994717338,-0.7267182289990524,0.0887289347117709,0.031096079892272005,0.15569111549632206,-0.5906356276955128,0.7770853606864078,-0.15181625097173887 
0.35977386183904386,-1.476644061421349,-1.6097056296518544,0.9118981287805021,1.4962631724109,-1.578673018544015,0.12663041369117564,-0.7213432948860219,0.09146588369044353,0.030877169139915575,0.15207518991309546,-0.5915605800934568,0.7770328189856648,-0.15214866056452794 
0.3587230251672738,-1.4771022184221452,-1.6103640430039476,0.9195305221036465,1.501870543367894,-1.5750791292689248,0.1181038173973168,-0.7217064879691617,0.0938998442532239,0.030648458908003537,0.14935106603065762,-0.5922775674266283,0.7771516809109453,-0.15144902461222443 
0.3600335600685898,-1.4765964840731889,-1.610381240278483,0.9342692611683132,1.5039204210551884,-1.5751033973085922,0.10530730166822036,-0.718932927941783,0.0969624907236959,0.030631429682959302,0.14820830227880624,-0.5923735047361004,0.777144096961365,-0.15223331626292574 
0.3629578906462328,-1.4761941736814654,-1.610240066158526,0.9395970880404532,1.503497329857093,-1.5767226458298347,0.10273135244466018,-0.7174499509957786,0.09623697904964297,0.03068890057840938,0.14840492458880045,-0.5924112254382727,0.7769077148040584,-0.15309905620366324 
0.36867891990939444,-1.474870575972446,-1.6097487728819668,0.9713047704681822,1.5097519448225492,-1.5740052828307949,0.07718727670840417,-0.7129165996614966,0.10040469678298528,0.03062174553469396,0.14443680974944262,-0.5933884509147634,0.7767598534110969,-0.15385800089417534 
0.36723026685055876,-1.4754173562111694,-1.6100390307358843,0.969480651599599,1.5105360966463277,-1.5711715528400383,0.0774632733679206,-0.714145250127821,0.1014154715853031,0.030480383104724576,0.14400227050077874,-0.5935093313397709,0.7770125884672273,-0.15251707139431203 
0.36803554682304723,-1.4743800616581486,-1.610374109735824,0.9972247914343148,1.5185427094177841,-1.5707238821046372,0.050949194466120604,-0.7096103291311627,0.10714083152357476,0.030551656770421737,0.13996369685320525,-0.5945095539566255,0.7767172930342743,-0.15387917506598373 
0.37175604948156027,-1.473948989003934,-1.6102446800454868,1.0090856986560208,1.5196047993398893,-1.5724599769286423,0.04326886425699022,-0.7068536577308486,0.1073216022810813,0.03043453703100432,0.1393773338357056,-0.5945329875579185,0.7765391289196968,-0.15521426086202564 
0.3716374655944443,-1.4737760566547418,-1.6102353922758723,1.026377197518058,1.5264535441049447,-1.5684316594947674,0.026129924624869794,-0.7052965894094683,0.11155443751916753,0.03018716537159051,0.1356805439184919,-0.5954170680388664,0.7766498185445637,-0.15454567106418235 
0.3754680433327206,-1.4728447026055693,-1.6102682291185855,1.0435712645745165,1.5282748587093857,-1.5699939829025422,0.012666426958800582,-0.7015240588705309,0.11305771373669027,0.030286322367558155,0.13456606744680988,-0.595797068055512,0.7763078758362433,-0.1557687680601478 
0.3735167717739757,-1.47292307945179,-1.6109785340545835,1.0564844466192964,1.534264574407758,-1.5673134114441345,-0.001834425255982449,-0.7001995955552217,0.11747858142553513,0.030237605578245855,0.13167972023894456,-0.5963915797397167,0.7764880242000006,-0.1550609014785414 
0.3774866061698593,-1.4723028359050228,-1.6110497802490622,1.0761807000491381,1.5383380603081762,-1.5689933601169337,-0.01790886621528049,-0.6961580434421565,0.11892104348924303,0.030092186791216655,0.1296638534542808,-0.597142904598127,0.7759546235097298,-0.1565313350398969 
0.37483108171338064,-1.4722891739039703,-1.6112644177861464,1.0833910089455494,1.5423662938353473,-1.5663725898564345,-0.027499841408741777,-0.695687819364409,0.12249762285006187,0.030073710545470284,0.1276130499454198,-0.5975331054168062,0.7761772898690017,-0.15562105290155112 
0.3793337946914124,-1.4717959631650617,-1.6109893798578048,1.1114863464412623,1.5492870398897658,-1.5676128372944464,-0.05125820773726315,-0.6901461393706801,0.1251649030071899,0.02952402160189209,0.12416536924835887,-0.5985875842937227,0.7755822226249439,-0.1573152279881893 
0.37611021803237016,-1.4716637171678102,-1.6112374532127847,1.1176820110131869,1.552887197034899,-1.5655852862298263,-0.0602716630805504,-0.6895961991993117,0.12880493945834662,0.029610545104447994,0.12233611848535567,-0.5988597030919484,0.7758309463284438,-0.15648409774054334 
0.3784661967562337,-1.4707255321181116,-1.6117941205235542,1.1374139773701828,1.5583225703319652,-1.5689568681184345,-0.07792826136924304,-0.6852489230924722,0.13055538134620565,0.029808454654461608,0.11966733394806242,-0.5997531949569769,0.7751885062518373,-0.15829912855005465 
-0.2669695222098762,-0.8215971139157222,0.3152959091799283,1.374789175257046,-0.5687109135596967,-0.8717114872936843,-1.6439488744933357,-0.682681795098268,0.12833859604270498,0.02574791291268755,-0.34705748740423287,0.8567027985186441,0.3585119389955058,-0.1306927888013227 
-0.26438134913656736,-0.8299328015145087,0.31185002502532105,1.3726266817705632,-0.5667405151994785,-0.8694376603450475,-1.6443828233410744,-0.6818410673702312,0.12772175837068525,0.020623303753158823,-0.345461075998798,0.8573865243204853,0.35906012095163203,-0.12892176862574417 
-0.2607967476310916,-0.8342495792222545,0.3105365540438709,1.3775198408283955,-0.5740306629826084,-0.8615402359388278,-1.6347753698396466,-0.6813921949078336,0.1263640712201986,0.016565498050292032,-0.34644788042464825,0.8568935857508864,0.35926023029736215,-0.1289935493540014 
-0.25861885445011995,-0.834873477924808,0.3085914544056933,1.3908240681463246,-0.5822342005554357,-0.8478201560013429,-1.6231373691977713,-0.6792006885171181,0.1252550020259225,0.012094145215325453,-0.34751816466207053,0.8563456501616069,0.35929662685144304,-0.12965024725150204 
-0.2580846575989712,-0.8311009039134771,0.3086097302937063,1.4051915359728517,-0.5890732620592684,-0.8365276605200261,-1.6130144142667266,-0.6768462170386332,0.1240121849500549,0.0101383663169278,-0.3484286583090767,0.8558455381248913,0.3591783566219445,-0.13083116247672538 
-0.25274550561256437,-0.8276881561437159,0.30804437451575406,1.416845355842735,-0.5976668142228718,-0.830171706982177,-1.597853650661937,-0.6747410825378876,0.12127334505853085,0.008911486162274634,-0.3502188442186585,0.8552182974873593,0.35890749080257,-0.13089628658893532 
-0.2448223750153736,-0.8152257007967743,0.30579595421595546,1.4415992516497753,-0.6073524648016075,-0.8174575230153864,-1.576532516097024,-0.6702704348002213,0.11674629316905384,0.009113689477138837,-0.3527599978591235,0.8541454070290269,0.3584949120930506,-0.13220213903354694 
-0.24397736731303585,-0.808640668758527,0.30518379994302175,1.4548055080735531,-0.6108594325347915,-0.8099208236953013,-1.5695455932005724,-0.6677337386149708,0.11568925767633323,0.009107850381370436,-0.35347259012129806,0.8537266760977757,0.3584389910940745,-0.13315171878517554 
-0.23627810202685057,-0.8138499716301608,0.30421295792860603,1.4463448250115605,-0.6143293930046478,-0.812472684648107,-1.5609086820623443,-0.6710995006891602,0.11292003542614944,0.008949023454864369,-0.35488978302448054,0.8535109870027799,0.35730437424292666,-0.1338126343707805 
-0.23537509070665052,-0.8205374088987735,0.30385049503995193,1.4366199261231043,-0.6183222490569469,-0.8151829769910978,-1.5596118092711637,-0.674061137181498,0.11438213100352757,0.008315299717376878,-0.35635821203871737,0.8531196612514903,0.35683602918325846,-0.1336552152945621 
-0.2356570195221283,-0.8301095687883998,0.3042522661249364,1.418884351794842,-0.6154834258245504,-0.8252872964963035,-1.5667808325132022,-0.6774433812980319,0.11599797643075285,0.007956160806558948,-0.35601077226385724,0.8535343083860538,0.3567777425720879,-0.13208011525281793 
-0.23727261288758492,-0.8378082947678462,0.3041289484685567,1.3993105771725083,-0.6068458676273188,-0.837405924489513,-1.5814947042357697,-0.6809851013403788,0.1179750300480626,0.009008581425011403,-0.3546142425196033,0.8541236370989469,0.3572310455220137,-0.13079576318200567 
-0.24013696249840621,-0.8417903531225617,0.3023051292511894,1.3811684979899979,-0.592101052613377,-0.8503897535354228,-1.602173244676597,-0.6836351617958764,0.120570383559249,0.011496430610374642,-0.3522542229512925,0.8550818132755399,0.35773987763973414,-0.12951538505020885 
-0.2405224950400301,-0.8423494172067266,0.3020933080210196,1.3636187990454114,-0.5781501685030126,-0.8681388100958244,-1.6189385760747095,-0.6858341482906314,0.12124287267238024,0.016104533602332494,-0.350127729879304,0.8560463033457067,0.3581165897686238,-0.12785854461164003 
-0.24084768696792322,-0.8411109074621511,0.30186524824748917,1.353913134885226,-0.5700300410878028,-0.8788827276492882,-1.6286484946931126,-0.687106737193887,0.12180507372186636,0.019674631908216472,-0.34914163935912346,0.856521383309787,0.3582149607690047,-0.1270955446897065 
-0.23982603176491418,-0.840682171912888,0.3029017638382482,1.3393473281697517,-0.5618701262742998,-0.8951108662295078,-1.6381859003867594,-0.689141876104866,0.12157497231576764,0.024427074245726002,-0.3481275250444441,0.8570565237746351,0.35836628005390697,-0.12583700044936275 
-0.23718920272996746,-0.8413441205384642,0.3042291964719666,1.3290653425460899,-0.5593012836605712,-0.906826644415172,-1.6402441311762204,-0.6906806467437575,0.12049157125528454,0.02739356529701331,-0.34801229974779674,0.8572916947419001,0.35830577144084513,-0.12472114296698507 
-0.23229256828526215,-0.8512087555046566,0.3028983483379851,1.3263310817055645,-0.5619878592043223,-0.9025273637422604,-1.6346581041124482,-0.6913205731163935,0.11788910967293098,0.02188981711469193,-0.3472744151470727,0.8574735954719701,0.3587522670097511,-0.12424300611300093 
-0.22786409757753637,-0.8575744162365561,0.3021554462147968,1.332115627318114,-0.574155874124877,-0.8932099883258372,-1.6201490427415284,-0.6908331012805939,0.11660625428779578,0.016478642960857576,-0.3493502853215867,0.8566174755785916,0.3588979196896974,-0.12390787675323332 
-0.22266947532473952,-0.8613424363566192,0.3014630576289858,1.3378978361529612,-0.5834418268516135,-0.8861077172736197,-1.6066802719994566,-0.690196612300876,0.11436506237930699,0.012599286146148303,-0.35091841147153185,0.8560017636740799,0.35888176716857256,-0.12377853719899819 
-0.21732702772037263,-0.8617630826320486,0.300536856882596,1.3445086941553994,-0.5928736035826834,-0.8812790332963499,-1.5936096171865832,-0.6893296106286183,0.11262691630518165,0.010680468635661106,-0.3532319207363379,0.8550394637167935,0.35899629591730436,-0.12351674047460492 
-0.2147945812647507,-0.8610385762791763,0.30024240445707057,1.349674614141398,-0.5964836356261914,-0.8795847036559297,-1.5872438964589908,-0.6877904805286464,0.11141740676547068,0.00955745087436824,-0.3538263227575988,0.854815556500192,0.35920750521802747,-0.12274879178282412 
-0.2091370683509769,-0.8555629839420764,0.29960933775812254,1.363168791423225,-0.6019213099653434,-0.8749484264116459,-1.573874834522673,-0.6845331268778303,0.10799497253742707,0.008801021471561837,-0.3548910091238533,0.8544381285092624,0.35922387373223,-0.12225409904560722 
-0.20171326041756918,-0.8461298409454514,0.2970636487258842,1.3829247262777555,-0.6116165479867263,-0.8647759766700918,-1.5550910599515588,-0.6812530207305479,0.10481286380989124,0.008873604704750154,-0.35793032645297745,0.8531581105284782,0.3589286455305402,-0.12319637682315832 
-0.19877892299465985,-0.8438379178777146,0.2967841166838017,1.3885746291196583,-0.6155765192433909,-0.8614981713221932,-1.5481723272871488,-0.6805503549377427,0.1032756902864421,0.008739762916976312,-0.35892394194864785,0.852654477536561,0.3589437746145849,-0.12374696965312655 
-0.19341256688845143,-0.8468593807188034,0.2967204204564179,1.3827832525065826,-0.6167005437447993,-0.8636284271593118,-1.5429632640710378,-0.6827456551284091,0.10057349120550801,0.00888912389867802,-0.3594530749599541,0.8526551939965035,0.35817083988517173,-0.12444378854956738 
-0.2563723515035877,-0.9067441929887293,0.296686624991613,1.22275310363835,-0.3917992101822152,-0.9789488484434195,-1.7935966698521937,-0.6898349133027305,0.10186207869438912,0.009341050161253667,-0.2847244946451675,0.8792490699336979,0.3635735103197686,-0.11690738968748894 
-0.25730532347297674,-0.9096130367132914,0.2958138138670418,1.2171990744593362,-0.3939682591253686,-0.9780192320876835,-1.7946146099037237,-0.6922666076428597,0.1042103664015849,0.009503890857696956,-0.2863619198418274,0.8788238650107354,0.3629818704301107,-0.11793908127145161 
-0.2634318389726018,-0.9131452671056502,0.29628221725954423,1.2058957932795744,-0.3871258418769832,-0.9852940760603504,-1.8069384677820999,-0.693833951459404,0.10744485444858587,0.010812771581522274,-0.2841739906021988,0.8796143611406394,0.3626991035969663,-0.11820777889091456 
-0.2638756147876109,-0.9191366605235829,0.2988596046344081,1.1708851385106316,-0.37812808577031765,-1.0201279634463192,-1.8214397394213189,-0.697941721893841,0.10878813570202756,0.018546895158691346,-0.28110106100270427,0.8806863509825011,0.3633453171993582,-0.11555918468723572 
-0.2650444961488412,-0.9163416396448908,0.2989895735224009,1.1646505252802026,-0.3745789336036459,-1.0295072972876065,-1.8266350807497675,-0.6984122760662782,0.10979093897215354,0.022452932121548114,-0.28055888076532876,0.88084562178987,0.36349149235609113,-0.11520260405939232 
-0.2643671478287762,-0.9179024651238352,0.3001429953025324,1.148012106807646,-0.3702456296131956,-1.047031529696745,-1.8319912502417965,-0.7003153906318119,0.10988246708045314,0.027068188980654204,-0.27918759512265046,0.8814439035834596,0.36346169160249414,-0.11404617618595138 
-0.26005654193251454,-0.9243330204698162,0.3001289737636542,1.1354414338475975,-0.3682787786346821,-1.054979048215906,-1.831956496045817,-0.7024378693672357,0.10768564861565014,0.02702890541952928,-0.2780558250517199,0.8818596572635783,0.36350639314933,-0.1134530968521189 
-0.25816441260080264,-0.9289055414910231,0.29948380298817745,1.1410142782213633,-0.37227259357087217,-1.0459555860273526,-1.827332322878062,-0.7017181856968885,0.10666975492800414,0.022057231813361305,-0.2785335399349746,0.8815420029494853,0.36401316161388153,-0.11312463188434194 
-0.2538484138553185,-0.9324695302217004,0.2985553851282223,1.1506132229154384,-0.38084141023018475,-1.0330799145988565,-1.8167025550936664,-0.7009069198229825,0.10502388094447786,0.016559909061283185,-0.28080757849402216,0.8807053924057457,0.3643774295709811,-0.11284593243449127 
-0.2508125699375255,-0.9347247216354152,0.2989257575217972,1.1585736244733902,-0.3864290310413634,-1.0242808569189643,-1.8080737334474382,-0.699739655352983,0.10288810798746009,0.012468931829513336,-0.2816773236839538,0.8804204308415202,0.3645107176571751,-0.1124708272936953 
-0.24553010340906342,-0.9324618602632194,0.2992436990247283,1.1714024975159878,-0.39510886966519165,-1.015096506462054,-1.7952738621046886,-0.6977971566488897,0.09992653896209688,0.009874985014404064,-0.28399898325511475,0.8795053649649688,0.3650856774031535,-0.11192559431594984 
-0.24278511664761987,-0.921712909398359,0.2996627873756341,1.1937962801323327,-0.40004752086087686,-1.0029886642763728,-1.7832883189576023,-0.693992412919353,0.09679823940736007,0.009577390272213743,-0.2856421236734431,0.87896243070249,0.36496318041114206,-0.11240773790571544 
-0.24014619038141075,-0.9140563678087671,0.2998118711095948,1.2102840569464053,-0.403533875557463,-0.9927072179594499,-1.773578340452589,-0.6915896227704039,0.09404362921033803,0.009198690403760229,-0.2869006641501656,0.8785959879424212,0.3645776654514861,-0.11331471544163595 
-0.23960342483629934,-0.912994505564863,0.3001357447684873,1.2113762392682412,-0.39683440635986955,-0.9934586887766009,-1.7762318875601084,-0.6908203340733413,0.09134859427870204,0.009238266233117243,-0.28417995196613083,0.8794263470648801,0.364579022815354,-0.11372418877112442 
-0.23094158657844507,-0.9176384526585446,0.2998589691467091,1.2030463040565031,-0.398775563124734,-0.9961839614987279,-1.7680153830417868,-0.6936835719325648,0.08699712789502476,0.009113615837858968,-0.28499897553412445,0.8793585345669598,0.3639567878105548,-0.1141911040115279 
-0.22842172351039772,-0.9321287587213224,0.2998916261114263,1.1741088950476697,-0.40080262290098645,-1.0147609481510689,-1.7736023088410406,-0.698354194395644,0.08918275687771807,0.009386117117161252,-0.2854131606584637,0.8791730871525166,0.36486971792067463,-0.11164273148820313 
-0.22985701421939703,-0.9459648460036151,0.2994935101822278,1.1460624531691177,-0.39902195876015384,-1.0300927865293115,-1.782515815832134,-0.7032125901123585,0.09300488188316515,0.009671413357829395,-0.28495490415373,0.8797251707326711,0.36430137981626115,-0.11031242560146813 
-0.22965214387205635,-0.9572926349876502,0.299592739567853,1.116856178043427,-0.39338937303145605,-1.0525022086047513,-1.792855325762612,-0.7067101675368066,0.09479234867807994,0.011833130246872048,-0.28276672651810575,0.8807071566603947,0.3643765350702004,-0.10783145770892996 
-0.22809844904485405,-0.9611638991869504,0.3003696769204522,1.0936151707202617,-0.38980618572264003,-1.0742200209475588,-1.799637438307416,-0.7097881547128697,0.09559252580158575,0.017207251030091852,-0.2819869549345992,0.8810918733842633,0.3645001359457471,-0.10630201690679995 
-0.22692699114131554,-0.9624254185888027,0.3010243151253733,1.075914949890411,-0.3851914920707345,-1.093003375985154,-1.8055738240742305,-0.7116323865376574,0.09571502410372598,0.022405801886452165,-0.28070853757747805,0.881638375931687,0.3645460862410755,-0.10498877093273029 
-0.22614508036392972,-0.9633987773679998,0.30135675758731156,1.0596675765819206,-0.3810019030287494,-1.1102243476192812,-1.811721491764476,-0.7132591088837913,0.09617300248112266,0.02733804608140271,-0.27960556659305125,0.8820439761288327,0.364740234180231,-0.10384465742236555 
-0.21750978714591826,-0.9783638385127604,0.3016812904352459,1.0304912619963358,-0.3795131745268443,-1.1307101816759066,-1.8121773716560137,-0.7167750734876793,0.09266405718301172,0.02722714590688971,-0.2778036217772792,0.8826754431231547,0.3653664166968811,-0.10107715560328184 
-0.21517705773485435,-0.9823038921374512,0.30019872192021935,1.040577784924574,-0.3841896109463684,-1.1173650881280404,-1.8064544848171127,-0.715614127722572,0.09152748592192232,0.020953824494406387,-0.27885158809269994,0.8820462928349525,0.36613644762479197,-0.10089712996410957 
-0.21093757825985152,-0.9848189614405417,0.299511426641498,1.0523482112235307,-0.3932182382623103,-1.1033073526483077,-1.7951370622161698,-0.7146407913150895,0.0898081527135867,0.015343712278945959,-0.28156047096196263,0.8810579168453183,0.366495100999994,-0.10070744410851729 
-0.2077213119123813,-0.9852887430977378,0.299759500105561,1.0594682789617984,-0.39728702643451363,-1.095902060367519,-1.7873960319645656,-0.7139881736184048,0.08752583465095252,0.012671977599666456,-0.2825512107318714,0.8807641109318068,0.36640436552266714,-0.10083270865343863 
-0.20323555666244505,-0.9838315812315495,0.2995486376065659,1.0685601111513066,-0.4039966585098085,-1.0886545405060397,-1.7772690622308263,-0.713016100988746,0.0854200686239488,0.010744879503807758,-0.28485241868778594,0.8799865432490521,0.3665605605418993,-0.10057901731231596 
-0.19816766756629092,-0.9799133388774379,0.2999230248028358,1.0798549435194087,-0.41027514591424047,-1.0823925432778132,-1.7654208582789976,-0.7113580527395582,0.08234728258856851,0.009757567003385592,-0.2869111655994532,0.8793766642004336,0.3665277036648421,-0.10018037712176323 
-0.19370108704893246,-0.9764087320293166,0.2996343847600518,1.0870490737590695,-0.412448413143663,-1.0796080086645163,-1.7583356647280954,-0.7101096798514416,0.07940477852525665,0.009714627860907432,-0.2877528482772797,0.8790368517388104,0.3667463227852711,-0.09994821817779023 
-0.18880481214205305,-0.9721102302095836,0.29938583198494295,1.095964857750338,-0.4194414481177053,-1.0746009394931388,-1.7473654849811477,-0.7093104586863574,0.07746662486259334,0.009882407111364344,-0.2907022686513736,0.8781360074110051,0.36658545593968767,-0.09992220465289656 
-0.18518833263412196,-0.969547224020507,0.29985417549083543,1.1016854077024538,-0.4214157773084648,-1.0731984256311597,-1.7403153452774411,-0.7079815048585301,0.07476646530937867,0.009717283243858538,-0.29114045928708526,0.8781152764663982,0.366436538418954,-0.09937332395558013 
-0.18353540842129445,-0.9741229208864539,0.30026451526978254,1.0941861591120425,-0.42484096467248683,-1.0725836349293079,-1.7383169157949718,-0.7111130780863834,0.07487447260188573,0.009477972865440332,-0.29266378117356023,0.8777163399170831,0.3657927302814316,-0.10078500039693347 
-0.18423906212567934,-0.9826025989121114,0.29999954407331714,1.0759396972411241,-0.4223267700629675,-1.0837143434067862,-1.745031557183386,-0.7137210137438759,0.07679852146705267,0.00989686527157399,-0.29178623191389846,0.8782282479689714,0.3655793664443661,-0.09963767442577019 
-0.18571491941339968,-0.9955625194561797,0.2997366701081141,1.0472569530413571,-0.41661039072781564,-1.102573019219082,-1.758607227269564,-0.71720542631691,0.07949140376038522,0.010703805472156908,-0.28942261866109786,0.8789712564863437,0.36619238893280204,-0.0977098376104392 
-0.18950397184178022,-0.9975273331336739,0.29942052629431254,1.0385036751295784,-0.41144423097721106,-1.1083057331343364,-1.7675100682263494,-0.7184433833060775,0.08181197155238011,0.012199490428686316,-0.2878697067498838,0.8795091858242351,0.3660456334860767,-0.09800621506977909 
-0.19052179201100725,-1.0005954145917482,0.299448569372069,1.019361512359115,-0.40510793163570186,-1.125614609148905,-1.7775968906967206,-0.7205475922506629,0.0832313257728035,0.016579549726529114,-0.28601376727800015,0.880165391613655,0.36616531639020794,-0.09709773120874823 
-0.1901773054682333,-1.0018199027974455,0.29988287764855065,1.004872045145209,-0.4012322332529039,-1.140419321332048,-1.7836242966930236,-0.7219484919273439,0.08367114341185941,0.020750297404001278,-0.28487802652074456,0.8805687259701781,0.3663281703056874,-0.09616080536991496 
-0.18979746553613094,-1.0020099126479531,0.29985345641518363,0.9935757147391934,-0.3975135762800749,-1.152225221011719,-1.7883261276313476,-0.7230757006487152,0.08396713320184868,0.024518299738871388,-0.28396791487108486,0.8809598584638545,0.3662423291928149,-0.09559554072515897 
-0.18891560629746812,-1.0028096798889161,0.30034570842291763,0.9799693651463408,-0.39504118265520666,-1.1660734123705403,-1.792755736839161,-0.7245166374531595,0.08427576172643923,0.028790909458303135,-0.28337487787618043,0.8812011765482722,0.3663173739364971,-0.09484063786620733 
-0.18513494290322038,-1.009403520276649,0.3004742991552999,0.9672101203780052,-0.39388273956281716,-1.1737149735809962,-1.7931190985723797,-0.7263014417782309,0.08244812288600237,0.02868104531161643,-0.2825483982907373,0.8815005022514719,0.3663913522937153,-0.09423716951460355 
-0.1837191864646248,-1.0137786612491662,0.30004760084160614,0.9703571778756492,-0.39585668530474005,-1.1678093273165495,-1.7902744030051823,-0.7257532434809139,0.08150731385903681,0.024462979727253448,-0.2825271405479006,0.8813857031861447,0.36681441334772125,-0.09372749454273784 
-0.18247672191304737,-1.0169251194443782,0.2993657584078004,0.9791201029857851,-0.4000131979139388,-1.1574988193040856,-1.7852206554392924,-0.72442869638102,0.08084035387860294,0.019179360147181163,-0.28331500473856563,0.8809655439756411,0.3673589033744224,-0.09316520020496563 
-0.1790712246773313,-1.018795077967685,0.2992053495595727,0.9873916749327518,-0.4059999414911281,-1.1475396287258386,-1.7764049996782136,-0.7238680586163719,0.07904099982466566,0.01513476462558927,-0.2850965806456093,0.8803847065062653,0.36737193979020455,-0.09316955569734676 
-0.1765155886864366,-1.0183826408483925,0.29922847909915246,0.9947664673666957,-0.41006940074242887,-1.1413969344603798,-1.7695216204031319,-0.7228952707779462,0.07749622546362639,0.01295641837433173,-0.28629332904736937,0.8800160123390983,0.3673935834948251,-0.09289726894046844 
-0.17289503448920057,-1.0169625102874422,0.29903966763534245,1.00332494166301,-0.4160545143566297,-1.1344245124138523,-1.7611506393016272,-0.7220925516761332,0.07585419875587997,0.011176372471368157,-0.2884609652703546,0.8792044865671887,0.367658756000141,-0.09282662038364911 
-0.1692200719432783,-1.0149625228804493,0.29953227918090236,1.010259134017602,-0.42047372135846806,-1.1298303598909794,-1.752736095545574,-0.7213894279753167,0.07353461893593446,0.010346312063530622,-0.289949261291884,0.8787913143192249,0.36747386229925566,-0.09283432705765704 
-0.16604479159896496,-1.0130641017458673,0.29979371499480173,1.0150729574980386,-0.42281486360559245,-1.1280252958726709,-1.7468660424350617,-0.7205320091592435,0.0714083100752436,0.01008364818962873,-0.2906844058774623,0.8785694411557016,0.36750618743023306,-0.09250684000396676 
-0.16188195127674646,-1.0093452770032638,0.299977792689348,1.0230394110942547,-0.4256899272036431,-1.1250716039482707,-1.739127708608069,-0.7191244716761878,0.06853296582456726,0.009998589204988834,-0.2916848638124095,0.8782059708682322,0.3676625848337523,-0.09218696582210406 
-0.15684965544360982,-1.0055771969965905,0.2999008539944308,1.0311714267323981,-0.4293965040545874,-1.1208780839012116,-1.7295656752278459,-0.7181741004509783,0.06540298363689853,0.009941808257370371,-0.2932586394982984,0.8777764092233029,0.36740849684760807,-0.09229811598745116 
-0.1515596387298867,-1.0021567193817384,0.29908736486580556,1.0389469716335418,-0.43401723776743534,-1.117003763739474,-1.7206293383483886,-0.7171852390308553,0.06292146023081768,0.009789699327737461,-0.2953675912872084,0.877003310997686,0.36761272120240396,-0.092108988304357 
-0.14443387860026355,-1.0110242069491953,0.298971057978865,1.021586982888247,-0.4390713208510572,-1.125410877301652,-1.7152962384002464,-0.7209852693642012,0.061326056770559856,0.010058348867710176,-0.29764534490550815,0.8765805452444053,0.36691672866535957,-0.09157461755646615 
-0.14749273217533332,-1.0191525674315527,0.2989646464027747,1.0042950647108568,-0.4363700766876078,-1.1346025980658272,-1.724278894354556,-0.7235776447629811,0.06442095408232236,0.010363781884513312,-0.29661056750717496,0.8770912262615691,0.3666862157302079,-0.0909635710133908 
-0.15084352141114715,-1.0291040280556254,0.2980986662787296,0.9842850642406089,-0.43208499719158766,-1.144972308191934,-1.7369087694282472,-0.7262974557251785,0.06799869759802295,0.010214622642889498,-0.2949966405741636,0.8774921702105213,0.3672157961892405,-0.09020550037713601 
-0.15462112884295773,-1.0359811755235298,0.29770558366092775,0.965152968311105,-0.4240008225117713,-1.1584211851257764,-1.7505754596348306,-0.728113881128042,0.07057678995555312,0.011745553725377722,-0.29189630421337304,0.8785175755952276,0.3674546360707752,-0.08933368562279173 
-0.15682766440411777,-1.0382738176669186,0.29731543723234316,0.9528376192400816,-0.4190351349442422,-1.1685643934028764,-1.759414244935489,-0.7294070493028594,0.07241621032954976,0.014294916214403736,-0.2903544108333744,0.8790021769491674,0.36760487553840493,-0.0889727177769808 
-0.15939612343810994,-1.0366379110687964,0.29733946561648766,0.9459162499285871,-0.4141718406079399,-1.1769696493893151,-1.7665880019467914,-0.7298329836365892,0.07384569657170285,0.0177328895623437,-0.2889419573682395,0.8794617874662227,0.3676441773748484,-0.08886657696399597 
-0.15958445548179104,-1.0342421447284735,0.29792884977858447,0.9331930777343149,-0.4106039929979196,-1.1918155274536109,-1.772497962556066,-0.7312471818535178,0.07459102365279253,0.02396178084748206,-0.28835204647280577,0.87972752121675,0.36753152229506286,-0.08861808973483576 
-0.1601146975259378,-1.0356395052876701,0.2977330875410284,0.9232957258077124,-0.40649599251341173,-1.2012309337598785,-1.7780777578126608,-0.7319461824506339,0.07509200541289976,0.026355997260106595,-0.28693256668836065,0.8802048595395442,0.3676274299939869,-0.08808620852674384 
-0.15962172644255196,-1.0367385786057253,0.29808710150893974,0.9161848260658392,-0.40511914886680445,-1.2077699462654063,-1.7800733708791328,-0.7326615482019969,0.07502843330845013,0.028115421646950897,-0.28643529072437135,0.8804371614595845,0.36753806292896185,-0.08775534882308197 
-0.15486608645797362,-1.044898817090538,0.2986948215547426,0.8969511637548416,-0.4044421839955761,-1.2210212033859529,-1.780872359157834,-0.734961522988597,0.07315962352849205,0.029266290629880426,-0.28574775690916004,0.8807974910192758,0.36748186415939704,-0.08660876831745633 
-0.15424907864255627,-1.0479446677445143,0.2982463718570797,0.9040278486074741,-0.40643626315761827,-1.2118457811608312,-1.7774159289603044,-0.7341012856985341,0.07236575271610518,0.024517014211914573,-0.2858682177397808,0.88063838156693,0.36780047282521355,-0.08647667423651828 
-0.153572389293367,-1.0507790568152295,0.2979498222002918,0.9105500832629023,-0.4090607124849141,-1.204053757951721,-1.774004259804021,-0.7330680793282852,0.0717753440239172,0.020168570250956086,-0.28615994046914767,0.8803911865009679,0.3682759798376197,-0.08600377827021836 
-0.15030746698425893,-1.0517649989820013,0.2980292776599904,0.920239568766337,-0.4150528250439484,-1.1922500154990054,-1.764863531888269,-0.7328808028996261,0.06978116142064067,0.016229979515446497,-0.2881807092144524,0.879720154957952,0.36813593685926455,-0.08671943144511411 
-0.14589960916041458,-1.049793294417371,0.2978243473169567,0.9364195306959644,-0.42306988797430123,-1.1820021249913646,-1.7525566317379886,-0.7299074608270566,0.06742762497918472,0.012136072275932913,-0.290557343324835,0.8788133689766459,0.36880786060594967,-0.08511318759859711 
-0.14196141311146337,-1.041941290132356,0.2979151877775322,0.9581326092695083,-0.430674118402836,-1.1672856766174058,-1.7395297193485764,-0.7276187344120832,0.06454399062172414,0.010326093458616181,-0.2935347920202791,0.8775917564902468,0.3691606422008874,-0.08596775595421319 
-0.1394245324287106,-1.031023241843002,0.29835626716793,0.980553296463522,-0.43346232010560753,-1.1545375173078145,-1.7271699687741329,-0.7247705595369363,0.06102551390884929,0.010213697251689385,-0.29480553215658584,0.877418382565654,0.3682750098348197,-0.0871791103241334 
-0.13501727379821513,-1.024556314380825,0.2977340462722031,0.9928062076895522,-0.4381906242198424,-1.149826158944353,-1.7181119920451227,-0.7228099324988659,0.05877636295305634,0.010650114162413155,-0.2970175128182715,0.8765358387708702,0.36868576174938966,-0.0868120355294554 

